FRAME_STOCK,SPEED (IPS),TIME/STRIP,PACKAGE_CODE,Package size ,Package group,Frame type ,Unit/strip,Process,Before_Outlier,After_Outlier
F30027,3.0,187.6566666666667,MH-45F140033EAN,4X4.5,GQFN,Selective PPF,560.0,,1.0,1.0
F30043,1.0,227.55,MHC90M290064E1J,9X9,GQFN,Selective PPF,120.0,,2.0,2.0
F30044,5.0,310.14,XHC16E114006AAJ,1.6X1.4,GQFN,Selective PPF,3300.0,,1.0,1.0
F30045,1.0,227.55,MHC90M290064E1J,9X9,GQFN,Selective PPF,120.0,,2.0,2.0
F30047,3.0,198.58,HHC40E150018TAJ,4X5,GQFN,Selective PPF,495.0,,1.0,1.0
F30055,3.0,140.48,HHG90M390035TAJ,9X9,GQFN,Selective PPF,120.0,,4.0,4.0
F30056,2.0,190.58500000000004,HHC50E260016TAJ,5X6,GQFN,Selective PPF,315.0,,1.0,1.0
F3045F,5.0,124.14,,,NAN,,,,,
F40026,3.0,294.47,PQ-300E300B016P,3X3,QFN,Full PPF,1170.0,,22.0,19.0
F40031,3.0,252.34,PQC400E400A032D,4X4,QFN,Full PPF,700.0,,21.0,20.0
F40038,2.0,795.11,PDC135E100L008D,1.35X1,QFN,Full PPF,5425.0,,1.0,1.0
F69022,3.0,81.74,GS-11P107006UAN,0.7X1.1,MIS,0,9677.0,,1.0,1.0
F69039,3.0,870.3399999999999,GS-1BN11F010UAN,1.15X1.55,MIS,Full PPF,5724.0,,1.0,1.0
F69041,2.0,208.35,GS-50P250032UAN,5X5,MIS,0,504.0,,1.0,1.0
F69056,2.0,272.07,RSP40F16003261N,6X4,MIS,Copper ,520.0,,1.0,1.0
F69057,3.0,327.42,KSP40N140024LAG,4X4,MIS,Copper ,832.0,,2.0,2.0
F69061,3.0,279.78,TSQ40P160034SAN,6X4,MIS,Copper ,520.0,,2.0,2.0
F69071,3.0,327.42,KSP40N140024L1G,4X4,MIS,Copper ,832.0,,2.0,2.0
F69073,3.0,1340.2,GS-11P111009UAN,1.1X1.1,MIS,0,7680.0,,1.0,1.0
F69075,3.0,279.78,RSP40F16003261N,6X4,MIS,Copper ,520.0,,2.0,2.0
F69077,3.0,288.1,GS-40P140024CAA,4X4,MIS,0,832.0,,2.0,2.0
F69079,3.0,411.67,,,NAN,,,,,
F69080,2.0,184.48,KSP40N140024L1G,4X4,MIS,0,832.0,,2.0,2.0
F69084,5.0,260.86,GSZ50G350032CAN,5X5,MIS,Selective PPF,504.0,,1.0,1.0
F69086,3.0,480.32,GS-30N140024CAN,3X4,MIS,0,1088.0,,1.0,1.0
F69087,5.0,289.44,GS-40P140020CAN,4X4,MIS,0,832.0,,1.0,1.0
F69088,3.0,477.43,GS-30P130020UAN,3X3,MIS,0,1360.0,,2.0,2.0
F69090,3.0,477.43,GS-30P230016CAN,3X3,MIS,0,1360.0,,2.0,2.0
F69092,3.0,223.12,GS-50N150036CAN,5X5,MIS,0,504.0,,1.0,1.0
F69095,3.0,186.84,,,NAN,,,,,
F69097,3.0,179.94,TSQ50P160041SAN,6X5,MIS,0,420.0,,1.0,1.0
F69098,5.0,159.85,GS-50P250032UAN,5X5,MIS,0,504.0,,1.0,1.0
F69099,3.0,101.86,GSCC0N1C0180C0N,12X12,MIS,0,90.0,,2.0,2.0
F69100,3.0,101.86,GSCC0N1C0180CAN,12X12,MIS,0,90.0,,2.0,2.0
F69103,3.0,146.38,TSD45P135009SAN,4.5X3.5,MIS,0,828.0,,1.0,1.0
F69105,3.0,241.24,KSP40P160032G1A,6X4,MIS,0,520.0,,1.0,1.0
F69106,3.0,288.1,KSP40N140024L1G,4X4,MIS,0,832.0,,2.0,2.0
F69107,2.0,350.29,RSP40F16003261N,6X4,MIS,0,520.0,,1.0,1.0
F69109,2.0,184.48,KSP40N140024L1G,4X4,MIS,0,832.0,,2.0,2.0
F69125,3.0,373.25,MSP5CP150033TAN,5.25X5,MIS,0,480.0,,1.0,1.0
F6A004,5.0,271.95,GS-35N127028C1A,3.5X2.7,MIS,0,1276.0,,1.0,1.0
F6F002,0.5,327.1,ZM-350S350D012P,3.5X3.5,NAN,0,1044.0,,1.0,1.0
F6F005,2.0,362.33,GS-2FP13F024CAN,3.55X2.55,MIS,0,1326.0,,1.0,1.0
F70021,3.0,290.68,EQ-250D450L034D,2.5X4.5,QFN,Full PPF,900.0,,1.0,1.0
F70022,5.0,236.37,TQ-258E258B014C,2.58X2.58,QFN,Copper ,1575.0,,1.0,1.0
F70023,2.0,234.36333333333334,EQ-300E400Z021F,3X4,QFN,Selective PPF,910.0,,1.0,1.0
F70025,5.0,207.97,EQC500E500B032U,5X5,QFN,Copper ,440.0,,32.0,32.0
F70026,3.0,400.99,EQ-200E200B012C,2X2,QFN,Full PPF,2470.0,,16.0,16.0
F70029,3.0,269.33,EQ-300E400Z021M,3X4,QFN,Full PPF,910.0,,5.0,3.0
F70034,3.0,365.16,EQ-200E300B014M,3X2,QFN,Full PPF,1710.0,,1.0,1.0
F76001,3.0,244.94,EQ-350E3501022C,3.5X3.5,SLP,Copper ,880.0,Step Cut,3.0,3.0
F76005,2.0,209.7,EQ-500E5001032U,5X5,SLP,Copper ,440.0,Full Cut,6.0,5.0
F76009,5.0,293.76,EQ-350E3751017W,3.5X3.75,SLP,Copper ,770.0,Full Cut,3.0,3.0
F7A009,5.0,207.97,KQC500S500Z023A,5X5,QFN,Copper ,440.0,,32.0,32.0
F7A014,5.0,294.94,TQ-350E4501024N,3.5X4.5,SLP,Copper ,660.0,Full Cut,1.0,1.0
F7A015,3.0,231.28,ED-300E3001010K,3X3,SLP,Copper ,1170.0,Step Cut,13.0,12.0
F7D002,5.0,167.3,NQC700E700B084A,7X7,QFN,Copper ,240.0,,27.0,26.0
F7W001,3.0,82.01,EQ-400E4001024D,4X4,SLP,Full PPF,700.0,Step Cut,1.0,1.0
F96001,1.0,419.53999999999996,ZQ-400E4001007A,4X4,SLP,Copper ,585.0,,1.0,1.0
FA0028,3.0,140.48,EHC90E190100BAN,9X9,GQFN,Selective PPF,120.0,,4.0,4.0
FA0034,5.0,452.09,EH-20E120014BAN,2X2,GQFN,Selective PPF,2250.0,,2.0,2.0
FA0043,3.0,470.8,XH-20E124018AAJ,2.4X2,GQFN,Selective PPF,1760.0,,1.0,1.0
FA0044,9.0,436.0,EH-20E124018BAN,2.4X2,GQFN,Selective PPF,1980.0,,1.0,1.0
FA0062,5.0,171.62,MHC60E160080DAJ,6X6,GQFN,Selective PPF,270.0,,2.0,2.0
FA0079,3.0,156.76999999999998,TH-50E160048CAN,6X5,GQFN,Selective PPF,360.0,,1.0,1.0
FA0082,5.0,403.88,EH-16E124016BAJ,2.4X1.6,GQFN,Selective PPF,2250.0,,1.0,1.0
FA0093,5.0,455.12999999999994,XH-16E116016AAJ,1.6X1.6,GQFN,Selective PPF,3150.0,,1.0,1.0
FA0095,3.0,171.64499999999998,MH-50E150032BAN,5X5,GQFN,Selective PPF,440.0,,1.0,1.0
FA0097,5.0,452.09,XH-20E120024AAJ,2X2,GQFN,Selective PPF,2250.0,,2.0,2.0
FA0105,5.0,221.65,NQC400E400A028B,4X4,QFN,Copper ,700.0,,33.0,31.0
FA0124,3.0,187.36,MH-60M360048DAN,6X6,GQFN,Selective PPF,270.0,,2.0,2.0
FA0126,3.0,466.93,THY18S236006CAJ,3.6X1.8,GQFN,Selective PPF,1500.0,,1.0,1.0
FA0129,5.0,200.85,MH-45E145046DAN,4.5X4.5,GQFN,Selective PPF,540.0,,1.0,1.0
FA0130,5.0,171.62,MH-50E150052DBH,5X5,GQFN,Selective PPF,440.0,,1.0,1.0
FA0132,5.0,83.1,XH-31D243034AAJ,4.3X3.1,GQFN,Selective PPF,780.0,,1.0,1.0
FA0133,2.0,213.40666666666667,NH-50E150024SAJ,5X5,GQFN,Selective PPF,440.0,,1.0,1.0
FA0134,3.0,227.11000000000007,EH-3ME03L008BAN,3.28X3.23,GQFN,Selective PPF,880.0,,1.0,1.0
FA0137,5.0,307.67,PH-20E125008AAJ,2X2.5,GQFN,Selective PPF,1820.0,,1.0,1.0
FA0138,5.0,124.27,MH-60M3A0070DFB,10X6,GQFN,Selective PPF,180.0,,1.0,1.0
FA0142,3.0,213.28,MH-40E140015DAJ,4X4,GQFN,Selective PPF,700.0,,3.0,3.0
FA0147,3.0,212.36,EH-26E124008BAJ,2.4X2.6,GQFN,Selective PPF,1500.0,,1.0,1.0
FA0152,3.0,213.28,MHC40E140024DAJ,4X4,GQFN,Selective PPF,700.0,,3.0,3.0
FA0157,3.0,166.33,MH-70E170056DAJ,7X7,GQFN,Selective PPF,200.0,,3.0,3.0
FA0160,5.0,221.505,EH-22F130024BAJ,2.2X3,GQFN,Selective PPF,1350.0,,1.0,1.0
FA0169,2.0,295.84,NH-20F120012SAN,2X2,GQFN,Selective PPF,2250.0,,1.0,1.0
FA0170,5.0,171.62,NHC60E160080SAJ,6X6,GQFN,Selective PPF,270.0,,2.0,2.0
FA0171,3.0,187.36,MH-60E160080DAN,6X6,GQFN,Selective PPF,270.0,,2.0,2.0
FA0180,3.0,140.48,HH-90E190064TAN,9X9,GQFN,Selective PPF,120.0,,4.0,4.0
FA0184,3.0,149.94,HH-80E180068TAN,8X8,GQFN,Selective PPF,175.0,,1.0,1.0
FA0187,3.0,140.48,HHG90M290031TAN,9X9,GQFN,Selective PPF,120.0,,4.0,4.0
FA0212,3.0,146.70999999999998,HHC50M260016TAJ,5X6,GQFN,Selective PPF,315.0,,1.0,1.0
FA0215,1.0,132.76999999999998,NH-60E160071SAJ,6X6,GQFN,Selective PPF,271.0,,1.0,1.0
FA0221,3.0,166.33,NH-70E170048SAJ,7X7,GQFN,Selective PPF,200.0,,3.0,3.0
FA0224,3.0,213.28,MH-40E140015DAJ,4X4,GQFN,Selective PPF,700.0,,3.0,3.0
FA0225,3.0,166.33,NHC70E170048SAJ,7X7,GQFN,Selective PPF,200.0,,3.0,3.0
FJ0001,9.0,237.67,TG-200E200B008R,2X2,LGA,"Substrate, 77.5X240 mm (3 panel)",2470.0,,2.0,2.0
FJ0002,5.0,326.15,TG-150E100B006R,1X1.5,LGA,"Substrate, 77.5X240 mm (3 panel)",5780.0,,2.0,2.0
FJ0003,9.0,237.67,TG-200E200C006R,2X2,LGA,"Substrate, 77.5X240 mm (3 panel)",2470.0,,2.0,2.0
FJ0005,5.0,326.15,TG-150E100B006R,1X1.5,LGA,"Substrate, 77.5X240 mm (3 panel)",5780.0,,2.0,2.0
FJ0048,5.0,152.43,AG-20B2160049AR,1.6X2,LGA,"Substrate, 77.5X240 mm (3 panel)",3363.0,,1.0,1.0
FJ0050,5.0,129.86,AG-25B2200049AR,2X2.5,LGA,"Substrate, 77.5X240 mm (3 panel)",2268.0,,2.0,2.0
FJ0051,5.0,129.86,AG-25B2200069AR,2X2.5,LGA,"Substrate, 77.5X240 mm (3 panel)",2268.0,,2.0,2.0
FJ0055,5.0,221.15,AG-16B2120069AR,1.2X1.6,LGA,"Substrate, 77.5X240 mm (3 panel)",5262.0,,1.0,1.0
FJ0076,3.0,634.42,CGD20B2200108AR,2X2,LGA,"Substrate, 77.5X240 mm (3 panel)",2748.0,,1.0,1.0
FJ0077,5.0,141.8,QGG50N150010DAR,5X5,LGA,"Substrate, 77.5X240 mm (3 panel)",492.0,,1.0,1.0
FJ0078,3.0,129.45,ABCB0N1B02139FR,11X11,BGA,"Substrate, 77.5X240 mm (3 panel)",108.0,,1.0,1.0
FJ0099,3.0,650.14,CGD25B2250108AR,2.5X2.5,LGA,"Substrate, 77.5X240 mm (3 panel)",1872.0,,1.0,1.0
FJ9001,5.0,156.52,BG-30B2250149AR,2.5X3,LGA,"Substrate, 77.5X240 mm (1 panel)",1705.0,,3.0,3.0
FJ9004,5.0,156.52,BG-30B2250149AR,2.5X3,LGA,"Substrate, 77.5X240 mm (1 panel)",1705.0,,3.0,3.0
FJ9005,5.0,156.52,BG-30B2250149AR,2.5X3,LGA,"Substrate, 77.5X240 mm (1 panel)",1705.0,,3.0,3.0
FJA032,3.0,226.14,HGFE0G5A0108SAR,10X14,LGA,"Substrate, 77.5X240 mm (2 panel)",88.0,,3.0,3.0
FJA034,3.0,226.14,HGFE0G5A0110SAR,10X14,LGA,"Substrate, 77.5X240 mm (2 panel)",88.0,,3.0,3.0
FJA035,3.0,226.14,HGFE0G4A0123SAR,10X14,LGA,"Substrate, 77.5X240 mm (2 panel)",88.0,,3.0,3.0
FJA036,5.0,182.92,KBP70A2C0112RGG,12X7,BGA,"Substrate, 77.5X240 mm (2 panel)",150.0,,1.0,1.0
FJE013,3.0,163.57,NBCM0C1M05389HR,21X21,BGA,"Substrate, 95X240.5 mm (2 panel)",40.0,,1.0,1.0
FJE017,3.0,191.42,GB-70C1700997ER,7X7,BGA,"Substrate, 95X240.5 mm (2 panel)",318.0,,1.0,1.0
FJE035,5.0,255.4,GG-25H1250257AR,2.5X2.5,LGA,"Substrate, 95X240.5 mm (2 panel)",2400.0,,1.0,1.0
FJE039,3.0,144.0,BBWH0C1H0273DGR,17X17,BGA,"Substrate, 95X240.5 mm (2 panel)",48.0,,1.0,1.0
FJE040,1.0,734.4,ZG-28H2280101AR,2.8X2.8,LGA,"Substrate, 95X240.5 mm (2 panel)",1944.0,,1.0,1.0
FJE048,1.0,281.37,ZG-27H227010HAL,2.7X2.7,LGA,"Substrate, 95X240.5 mm (2 panel)",2128.0,,1.0,1.0
FJT001,1.0,305.65,GGO40C1600345AR,6X4,LGA,Substrate from customer ,576.0,,2.0,2.0
FJT002,1.0,305.65,GG-40C1600345AR,6X4,LGA,Substrate from customer ,576.0,,2.0,2.0
FJT003,9.0,158.4,,,NAN,,,,,
FJT015,1.0,263.62,GG-90C1764036AR,9X7.64,LGA,Substrate from customer ,112.0,,1.0,1.0
FN0020,3.0,366.4,UD-120X100A006D,1X1.25,QFN,Full PPF,3744.0,,1.0,1.0
FN0030,5.0,236.18,UD-200X220B008A,2.2X2,QFN,Copper ,1292.0,,1.0,1.0
FN0033,2.0,347.225,UQ-140X180A010P,1.8X1.4,QFN,Full PPF,2116.0,,1.0,1.0
FN0059,3.0,252.77,UQ-170X200A012D,2X1.7,QFN,Full PPF,1596.0,,1.0,1.0
FN0061,3.0,334.72,UD-180X120A008A,1.2X1.8,QFN,Full PPF,2304.0,,1.0,1.0
FN0074,3.0,227.75,UQ-180X320A020P,3.2X1.8,QFN,Full PPF,936.0,,1.0,1.0
FN0077,5.0,192.88,UD-300X300B010A,3X3,QFN,Copper ,616.0,,1.0,1.0
FN0115,3.0,265.91,UQ-180E320A020P,1.8X3.2,QFN,Full PPF,1700.0,,2.0,2.0
FN0138,3.0,253.96999999999997,UD-150X200F002A,2X1.5,QFN,Full PPF,1848.0,,1.0,1.0
FN0156,3.0,249.12,UQ-160X160A012P,1.6X1.6,QFN,Full PPF,2000.0,,2.0,2.0
FNF002,3.0,322.53,XQ-160F120A010D,1.2X1.6,QFN,Full PPF,2480.0,,1.0,1.0
FNF003,3.0,223.94,XQ-200F280A018D,2.8X2,QFN,Full PPF,960.0,,1.0,1.0
FNF006,3.0,249.12,XQ-160F160A012D,1.6X1.6,QFN,Full PPF,2000.0,,2.0,2.0
FR0002,5.0,167.3,NQ-700E700B048A,7X7,QFN,Copper ,240.0,Full Cut,27.0,26.0
FR0005,3.0,252.34,TQ-400E400B024A,4X4,QFN,Full PPF,700.0,,21.0,20.0
FR0006,5.0,207.97,TQ-500E500B032A,5X5,QFN,Copper ,440.0,,32.0,32.0
FR0011,5.0,173.55,NQ-600E600B040A,6X6,QFN,Copper ,315.0,,18.0,15.0
FR0015,4.0,183.18500000000003,TQ-700E800B052A,8X7,QFN,Selective PPF,210.0,,1.0,1.0
FR0018,5.0,221.65,NQ-400E400B024A,4X4,QFN,Copper ,700.0,,33.0,31.0
FR0020,5.0,170.84,NQ-350E900B042A,9X3.5,QFN,Copper ,330.0,,2.0,2.0
FR0022,0.5,211.14333333333332,NQ-300E3001016A,3X3,SLP,Copper ,1170.0,Step Cut,1.0,1.0
FR0023,3.0,231.28,ND-300E3001010A,3X3,SLP,Copper ,1170.0,Step Cut,13.0,12.0
FR0025,5.0,207.97,NQ-500E500B032A,5X5,QFN,Copper ,440.0,,32.0,32.0
FR0035,5.0,173.55,NQ-600E600A048A,6X6,QFN,Copper ,315.0,,18.0,15.0
FR0040,5.0,267.89,ND-300E300B010A,3X3,QFN,Copper ,1170.0,,33.0,31.0
FR0043,5.0,221.65,NQ-400E400A028A,4X4,QFN,Copper ,700.0,,33.0,31.0
FR0044,5.0,224.91,NQ-500E5001032A,5X5,SLP,Copper ,440.0,Full Cut,12.0,12.0
FR0046,5.0,221.65,NQ-400E400A028A,4X4,QFN,Copper ,700.0,,33.0,31.0
FR0047,2.0,400.38,NQ-300E300B016A,3X3,QFN,Copper ,1170.0,,5.0,4.0
FR0048,5.0,173.55,NQ-600E600B040A,6X6,QFN,Copper ,315.0,,18.0,15.0
FR0049,3.0,218.09,NQ-400E4001024A,4X4,SLP,Copper ,700.0,Step Cut,17.0,11.0
FR0050,5.0,267.89,ND-300E300E006A,3X3,QFN,Copper ,1170.0,,33.0,31.0
FR0056,3.0,218.09,NQ-400E4001020A,4X4,SLP,Copper ,700.0,Step Cut,17.0,11.0
FR0057,5.0,267.89,NQ-300E300A020A,3X3,QFN,Copper ,1170.0,,33.0,31.0
FR0059,5.0,207.97,NQ-500E500C020A,5X5,QFN,Copper ,440.0,Full Cut,32.0,32.0
FR0060,3.0,216.58,NQ-500E500B028A,5X5,QFN,Full PPF,440.0,Step Cut,32.0,28.0
FR0065,3.0,252.34,NQ-400E400C016P,4X4,QFN,Full PPF,700.0,,21.0,20.0
FR0066,5.0,207.97,NQ-500E500A040A,5X5,QFN,Copper ,440.0,,32.0,32.0
FR0067,5.0,173.55,NQ-600E600B036A,6X6,QFN,Copper ,315.0,,18.0,15.0
FR0068,3.0,171.27,NQ-700E7001032A,7X7,SLP,Copper ,240.0,Step Cut,15.0,14.0
FR0070,5.0,167.3,NQ-700E700B048A,7X7,QFN,Copper ,240.0,,27.0,26.0
FR0075,3.0,165.16,NQ-800E800B056A,8X8,QFN,Full PPF,175.0,,6.0,4.0
FR0079,3.0,216.58,NQ-500E500B032P,5X5,QFN,Full PPF,440.0,,32.0,28.0
FR0083,5.0,151.67,NQ-900E900B064P,9X9,QFN,Copper ,120.0,,11.0,10.0
FR0087,3.0,207.9,NQ-600E600B026F,6X6,QFN,Full PPF,315.0,,7.0,6.0
FR0090,2.0,322.97,NQ-400E400B020A,4X4,QFN,Copper ,700.0,,6.0,5.0
FR0099,2.0,199.29000000000002,TQTA00DA00B068P,10X10,QFN,Full PPF,120.0,,1.0,1.0
FR0110,5.0,158.9,NQ-800E800B052A,8X8,QFN,Copper ,175.0,,6.0,6.0
FR0123,3.0,187.48000000000002,ND-700E400A032A,4X7,QFN,Full PPF,400.0,,1.0,1.0
FR0124,5.0,191.94,NQ-600E6001040A,6X6,SLP,Copper ,315.0,Full Cut,7.0,7.0
FR0134,5.0,167.3,NQ-700E700A056A,7X7,QFN,Copper ,240.0,,27.0,26.0
FR0139,5.0,207.97,MQ-500S500C020A,5X5,QFN,Copper ,440.0,,32.0,32.0
FR0147,5.0,167.3,NQ-700E700B048A,7X7,QFN,Copper ,240.0,,27.0,26.0
FR0153,5.0,167.3,NQ-700E700B048A,7X7,QFN,Copper ,240.0,,27.0,26.0
FR0154,5.0,158.9,NQ-800E800B056A,8X8,QFN,Copper ,175.0,,6.0,6.0
FR0156,4.0,251.41,ND-300E300B010F,3X3,QFN,Selective PPF,1170.0,,1.0,1.0
FR0157,5.0,167.3,NQ-700E700B044A,7X7,QFN,Copper ,240.0,,27.0,26.0
FR0158,3.0,151.98,NQ-900E900B064A,9X9,QFN,Full PPF,120.0,Step Cut,9.0,8.0
FR0159,5.0,151.67,NQ-900E900B064A,9X9,QFN,Copper ,120.0,,11.0,10.0
FR0160,1.0,211.44500000000002,NQ-900E900B064A,9X9,QFN,Copper ,120.0,,1.0,1.0
FR0175,3.0,216.58,TQ-500E500B032A,5X5,QFN,Full PPF,440.0,,32.0,28.0
FR0179,5.0,267.89,NQ-300E300B016A,3X3,QFN,Copper ,1170.0,,33.0,31.0
FR0191,3.0,252.34,NQ-400E400A028P,4X4,QFN,Full PPF,700.0,,21.0,20.0
FR0194,5.0,221.65,NQ-400E400B020A,4X4,QFN,Copper ,700.0,,33.0,31.0
FR0199,5.0,167.3,NQ-700E700C032A,7X7,QFN,Copper ,240.0,,27.0,26.0
FR0208,3.0,294.47,ND-300E300B010P,3X3,QFN,Full PPF,1170.0,,22.0,19.0
FR0210,0.0,178.06,NQ-800E800A068P,8X8,QFN,Full PPF,175.0,,2.0,2.0
FR0211,3.0,165.16,MQ-800M800B056P,8X8,QFN,Full PPF,175.0,,6.0,4.0
FR0221,5.0,206.82,ND-500E600G008A,6X5,QFN,Copper ,385.0,,4.0,4.0
FR0224,2.0,322.97,NQ-400D400C016A,4X4,QFN,Copper ,700.0,,6.0,5.0
FR0225,2.0,322.97,ND-400E400D008A,4X4,QFN,Copper ,700.0,,6.0,5.0
FR0227,2.0,210.55000000000004,NQ-800E800C044A,8X8,QFN,Copper ,175.0,,1.0,1.0
FR0230,2.0,400.38,ND-300E300C008A,3X3,QFN,Copper ,1170.0,,5.0,4.0
FR0232,5.0,151.67,NQ-900E900B064A,9X9,QFN,Copper ,120.0,,11.0,10.0
FR0242,3.0,294.47,NQ-300E300B016D,3X3,QFN,Full PPF,1170.0,,22.0,19.0
FR0249,3.0,313.47,ND-320E250P004P,2.5X3.2,QFN,Full PPF,1275.0,,3.0,3.0
FR0250,0.0,160.20500000000004,NQ-700E7001056A,7X7,SLP,Copper ,240.0,Full Cut,1.0,1.0
FR0251,5.0,280.61,TD-300E3001010A,3X3,SLP,Copper ,1170.0,Full Cut,8.0,6.0
FR0254,5.0,263.04,TQ-300E4001020A,4X3,SLP,Copper ,910.0,Full Cut,1.0,1.0
FR0259,5.0,221.65,NQ-400E400B020A,4X4,QFN,Copper ,700.0,,33.0,31.0
FR0260,5.0,219.3,MQ-300E500B024K,5X3,QFN,Copper ,715.0,,2.0,2.0
FR0261,3.0,428.8,ND-250M200N004P,2X2.5,QFN,Full PPF,1995.0,,3.0,3.0
FR0263,5.0,221.65,ND-400D400F008A,4X4,QFN,Copper ,700.0,,33.0,31.0
FR0264,3.0,183.72,ND-700S500Z004D,5X7,QFN,Full PPF,320.0,,5.0,4.0
FR0268,2.0,227.21,NQ-600E600C028A,6X6,QFN,Copper ,315.0,,4.0,4.0
FR0274,3.0,294.44,TD-300E200B008A,2X3,QFN,Full PPF,1710.0,,2.0,2.0
FR0276,5.0,236.03,TD-300E200B010A,2X3,QFN,Copper ,1710.0,,3.0,3.0
FR0278,5.0,267.89,NQ-300E300B016A,3X3,QFN,Copper ,1170.0,,33.0,31.0
FR0286,5.0,245.31,TD-400E300B014A,3X4,QFN,Copper ,910.0,,5.0,5.0
FR0290,5.0,267.89,TD-300E300B008A,3X3,QFN,Copper ,1170.0,,33.0,31.0
FR0293,3.0,330.0,ND-500S320R004D,3.2X5,QFN,Full PPF,660.0,,2.0,2.0
FR0295,3.0,400.99,TD-200E200B008P,2X2,QFN,Full PPF,2470.0,,16.0,16.0
FR0306,5.0,221.65,NQ-400E400B024A,4X4,QFN,Copper ,700.0,,33.0,31.0
FR0309,5.0,173.55,NQ-600E600B040A,6X6,QFN,Copper ,315.0,,18.0,15.0
FR0314,5.0,169.52,TQ-700E800B052A,8X7,QFN,Copper ,210.0,,3.0,3.0
FR0316,5.0,235.31,TD-500D300B016A,3X5,QFN,Copper ,715.0,,5.0,4.0
FR0332,3.0,294.44,TD-300E200B010D,2X3,QFN,Full PPF,1710.0,,2.0,2.0
FR0343,5.0,221.65,TQ-400E400C016A,4X4,QFN,Copper ,700.0,,33.0,31.0
FR0345,3.0,309.32,ND-200E300B008P,3X2,QFN,Full PPF,1690.0,,5.0,4.0
FR0350,3.0,400.99,TD-200E200C006P,2X2,QFN,Full PPF,2470.0,,16.0,16.0
FR0359,5.0,158.9,NQ-800E800B052A,8X8,QFN,Copper ,175.0,,6.0,6.0
FR0365,5.0,207.97,NQ-500E500D020A,5X5,QFN,Copper ,440.0,,32.0,32.0
FR0366,5.0,360.56,ND-200E200B008A,2X2,QFN,Copper ,2470.0,,11.0,11.0
FR0370,1.0,212.2433333333333,NQ-400E500B028A,5X4,QFN,Copper ,550.0,,1.0,1.0
FR0371,5.0,187.3,TQ-500E600B028A,6X5,QFN,Copper ,360.0,,8.0,8.0
FR0373,3.0,207.9,NQ-600E600B040P,6X6,QFN,Full PPF,315.0,,7.0,6.0
FR0379,5.0,267.89,TQ-300E300B016C,3X3,QFN,Copper ,1170.0,,33.0,31.0
FR0382,5.0,167.3,NQ-700E700B048A,7X7,QFN,Copper ,240.0,Full Cut,27.0,26.0
FR0383,2.0,175.64,TQ-900E900B064A,9X9,QFN,Copper ,120.0,,2.0,2.0
FR0384,5.0,280.38,TD-250D250C006A,2.5X2.5,QFN,Copper ,1650.0,,2.0,2.0
FR0386,5.0,207.97,NQ-500E500G005A,5X5,QFN,Copper ,440.0,,32.0,32.0
FR0400,5.0,311.76,TD-200S300M008A,3X2,QFN,Copper ,1690.0,,5.0,5.0
FR0413,3.0,309.32,TD-200E300B008P,3X2,QFN,Full PPF,1690.0,,5.0,4.0
FR0417,5.0,331.68,TQ-300E200B010C,2X3,QFN,Copper ,1690.0,,3.0,3.0
FR0419,5.0,206.82,MD-500S600G008A,6X5,QFN,Copper ,385.0,,4.0,4.0
FR0420,5.0,168.06,TQ-500E800A051A,8X5,QFN,Copper ,280.0,,4.0,3.0
FR0426,2.0,569.85,TD-200E300B008P,3X2,QFN,Full PPF,1690.0,,1.0,1.0
FR0434,3.0,294.47,ND-300E300B010D,3X3,QFN,Full PPF,1170.0,,22.0,19.0
FR0437,5.0,184.42,TQ-500E700B038A,7X5,QFN,Copper ,320.0,,2.0,2.0
FR0445,5.0,173.55,NQ-600E600A048A,6X6,QFN,Copper ,315.0,,18.0,15.0
FR0446,3.0,400.99,ND-200E200C006D,2X2,QFN,Full PPF,2470.0,,16.0,16.0
FR0450,5.0,151.67,NQ-900E900B064A,9X9,QFN,Copper ,120.0,,11.0,10.0
FR0453,3.0,333.08,TD-250S200Z004D,2.5X2.2,QFN,Full PPF,1995.0,,1.0,1.0
FR0455,5.0,267.89,ND-300E300C008P,3X3,QFN,Copper ,1170.0,,33.0,31.0
FR0461,3.0,313.47,ND-320S250P004P,2.5X3.2,QFN,Full PPF,1275.0,,3.0,3.0
FR0467,5.0,221.65,NQ-400E400A032A,4X4,QFN,Copper ,700.0,,33.0,31.0
FR0470,5.0,207.97,NQ-500E500B032A,5X5,QFN,Copper ,440.0,,32.0,32.0
FR0475,3.0,158.26,NQ-750E750A064P,7.5X7.5,QFN,Full PPF,175.0,,2.0,2.0
FR0482,5.0,173.55,NQ-600E600A052A,6X6,QFN,Copper ,315.0,,18.0,15.0
FR0483,3.0,439.71,ND-150E150B006P,1.5X1.5,QFN,Full PPF,4080.0,,4.0,4.0
FR0484,5.0,221.65,TQ-400E400B024A,4X4,QFN,Copper ,700.0,,33.0,31.0
FR0485,5.0,224.91,NQ-500E5001020A,5X5,SLP,Copper ,440.0,Full Cut,12.0,12.0
FR0495,5.0,167.3,MQC700E700B044A,7X7,QFN,Copper ,240.0,Full Cut,27.0,26.0
FR0497,3.0,337.78,NQ-350E350Z015F,3.5X3.5,QFN,Full PPF,880.0,,2.0,2.0
FR0502,3.0,238.26,NQ-250E320B014P,3.2X2.5,QFN,Full PPF,1275.0,,1.0,1.0
FR0503,5.0,269.46,NQ-400E4001020A,4X4,SLP,Copper ,700.0,Full Cut,10.0,10.0
FR0506,3.0,252.34,MQ-400E400A032A,4X4,QFN,Full PPF,700.0,,21.0,20.0
FR0507,2.0,209.7,NQ-500E5001040A,5X5,SLP,Copper ,440.0,Step Cut,6.0,5.0
FR0509,3.0,330.0,ND-500S320G006D,3.2X5,QFN,Full PPF,660.0,,2.0,2.0
FR0510,3.0,313.47,ND-320S250Z006D,2.5X3.2,QFN,Full PPF,1275.0,,3.0,3.0
FR0512,5.0,311.76,TD-200E300B006A,3X2,QFN,Copper ,1690.0,,5.0,5.0
FR0515,5.0,207.97,NQ-500E500C024A,5X5,QFN,Copper ,440.0,,32.0,32.0
FR0517,5.0,221.1,NQ-400E750B036A,7.5X4,QFN,Copper ,350.0,,1.0,1.0
FR0518,0.0,377.6033333333333,TD-200E200B008D,2X2,QFN,Full PPF,2470.0,,1.0,1.0
FR0520,2.0,318.64,TQ-300E300B016D,3X3,QFN,Copper ,1824.0,,1.0,1.0
FR0521,3.0,183.72,ND-700M500R006P,5X7,QFN,Full PPF,320.0,,5.0,4.0
FR0524,5.0,267.89,ND-300E300B010A,3X3,QFN,Copper ,1170.0,,33.0,31.0
FR0532,5.0,151.67,MQ-900E900B064A,9X9,QFN,Copper ,120.0,,11.0,10.0
FR0540,3.0,439.71,TD-150E150B006D,1.5X1.5,QFN,Full PPF,4080.0,,4.0,4.0
FR0543,5.0,267.89,TD-300E300B008A,3X3,QFN,Copper ,1170.0,,33.0,31.0
FR0544,5.0,311.76,TD-200E300M008A,3X2,QFN,Copper ,1690.0,,5.0,5.0
FR0551,5.0,360.56,TD-200E200M008A,2X2,QFN,Copper ,2470.0,,11.0,11.0
FR0561,3.0,216.58,NQ-500E500A040P,5X5,QFN,Full PPF,440.0,,32.0,28.0
FR0567,3.0,202.52,NQ-700E700A056A,7X7,QFN,Full PPF,240.0,,12.0,11.0
FR0574,3.0,206.89,ND-500E600G008D,6X5,QFN,Full PPF,385.0,,2.0,2.0
FR0576,5.0,192.59,TD-450E400E008A,4X4.5,QFN,Copper ,600.0,,1.0,1.0
FR0579,5.0,167.3,NQ-700E700B048A,7X7,QFN,Copper ,240.0,,27.0,26.0
FR0587,5.0,360.56,TD-200E200B008A,2X2,QFN,Copper ,2470.0,,11.0,11.0
FR0591,5.0,167.3,NQ-700E700B044A,7X7,QFN,Copper ,240.0,,27.0,26.0
FR0596,5.0,184.42,NQ-500E700B038A,7X5,QFN,Copper ,320.0,,2.0,2.0
FR0598,1.0,197.12999999999997,NDC600E800G008A,8X6,QFN,Copper ,225.0,,1.0,1.0
FR0601,5.0,269.46,NQ-400E4001020A,4X4,SLP,Copper ,700.0,Full Cut,10.0,10.0
FR0603,3.0,294.47,ND-300E300C008D,3X3,QFN,Full PPF,1170.0,,22.0,19.0
FR0604,3.0,309.32,MD-200E300B006A,3X2,QFN,Full PPF,1690.0,,5.0,4.0
FR0606,5.0,163.64,TQ-400E700B036A,7X4,QFN,Copper ,400.0,,2.0,2.0
FR0610,5.0,221.65,NQ-400E400A028A,4X4,QFN,Copper ,700.0,,33.0,31.0
FR0611,5.0,207.97,NQ-500E500A036A,5X5,QFN,Copper ,440.0,,32.0,32.0
FR0617,5.0,173.55,TQ-600E600B040A,6X6,QFN,Copper ,315.0,,18.0,15.0
FR0618,5.0,191.94,NQ-600E6001032A,6X6,SLP,Copper ,315.0,Full Cut,7.0,7.0
FR0624,1.0,173.71,NQ-800E800B056D,8X8,QFN,Full PPF,175.0,,1.0,1.0
FR0625,3.0,294.47,ND-300E300B010D,3X3,QFN,Full PPF,1170.0,,22.0,19.0
FR0630,3.0,216.58,NQ-500E500C024A,5X5,QFN,Full PPF,440.0,,32.0,28.0
FR0643,3.0,213.0,NQ-500E5001032A,5X5,SLP,Copper ,440.0,Step Cut,16.0,14.0
FR0654,3.0,252.34,ND-400E400C012A,4X4,QFN,Full PPF,700.0,,21.0,20.0
FR0661,5.0,267.89,NQC300E300B016U,3X3,QFN,Copper ,1170.0,,33.0,31.0
FR0663,3.0,204.78,TQ-700MB00B064A,11X7,QFN,Full PPF,150.0,,1.0,1.0
FR0668,3.0,216.58,NQ-500E500B032A,5X5,QFN,Full PPF,440.0,,32.0,28.0
FR0674,5.0,227.33,TQ-300E600B028A,6X3,QFN,Copper ,585.0,,3.0,3.0
FR0678,3.0,294.47,NDC300E300B010B,3X3,QFN,Full PPF,1170.0,,22.0,19.0
FR0679,3.0,428.8,ND-250E200Z006P,2X2.5,QFN,Full PPF,1995.0,,3.0,3.0
FR0691,5.0,151.67,NQ-900E900B064A,9X9,QFN,Copper ,120.0,,11.0,10.0
FR0694,3.0,377.87,TD-200S160Z004D,1.6X2,QFN,Full PPF,2990.0,,1.0,1.0
FR0695,3.0,306.04999999999995,ND-280E160D004A,1.6X2.8,QFN,Full PPF,2300.0,,1.0,1.0
FR0699,0.0,314.94,MQC500E5001032A,5X5,SLP,Copper ,440.0,Step Cut,2.0,2.0
FR0700,5.0,187.3,NQC500E600B028K,6X5,QFN,Copper ,360.0,,8.0,8.0
FR0701,5.0,236.03,ND-300E200E005A,2X3,QFN,Copper ,1710.0,,3.0,3.0
FR0712,3.0,202.52,NQC700E700B048P,7X7,QFN,Full PPF,240.0,,12.0,11.0
FR0713,5.0,206.13,TQ-400E500B028A,5X4,QFN,Copper ,550.0,,5.0,5.0
FR0715,5.0,150.48,NQ-A00EA00B072A,10X10,QFN,Copper ,120.0,,3.0,3.0
FR0716,3.0,216.58,MQC500E500B032D,5X5,QFN,Full PPF,440.0,,32.0,28.0
FR0717,3.0,183.72,ND-700S500Z004P,5X7,QFN,Full PPF,320.0,,5.0,4.0
FR0720,3.0,252.34,MQ-400E400B024P,4X4,QFN,Full PPF,700.0,,21.0,20.0
FR0726,1.0,230.4,NQ-300E3001020A,3X3,SLP,Copper ,1170.0,Full Cut,3.0,3.0
FR0727,5.0,167.3,NQ-700E700B048A,7X7,QFN,Copper ,240.0,Full Cut,27.0,26.0
FR0728,5.0,191.94,NQ-600E6001032A,6X6,SLP,Copper ,315.0,Full Cut,7.0,7.0
FR0736,3.0,151.98,MQC900S900B064D,9X9,QFN,Full PPF,120.0,,9.0,8.0
FR0737,2.0,383.85999999999996,TD-200E200C006D,2X2,QFN,Full PPF,2470.0,,1.0,1.0
FR0738,3.0,202.52,NQ-700E700B048D,7X7,QFN,Full PPF,240.0,,12.0,11.0
FR0747,5.0,267.89,NQ-300E300B016A,3X3,QFN,Copper ,1170.0,,33.0,31.0
FR0751,5.0,224.91,NQ-500E5001032A,5X5,SLP,Copper ,440.0,Full Cut,12.0,12.0
FR0752,1.0,385.26,TD-200E200M008A,2X2,QFN,Full PPF,2470.0,,2.0,2.0
FR0755,3.0,205.37,TQ-400E600A038A,6X4,QFN,Full PPF,450.0,,2.0,2.0
FR0756,3.0,252.34,ND-400E400B010P,4X4,QFN,Full PPF,700.0,,21.0,20.0
FR0759,5.0,269.46,NQ-400E4001024A,4X4,SLP,Copper ,700.0,Full Cut,10.0,10.0
FR0770,5.0,169.52,TQ-700E800B052A,8X7,QFN,Copper ,210.0,,3.0,3.0
FR0771,5.0,173.55,TQ-600E600B040A,6X6,QFN,Copper ,315.0,,18.0,15.0
FR0772,5.0,227.33,TQ-300E600B028A,6X3,QFN,Copper ,585.0,,3.0,3.0
FR0773,3.0,223.72,ND-400E3001012A,3X4,SLP,Copper ,910.0,Step Cut,3.0,3.0
FR0781,5.0,207.97,NQ-500E500B032A,5X5,QFN,Copper ,440.0,,32.0,32.0
FR0784,3.0,294.47,MQ-300S300B016P,3X3,QFN,Full PPF,1170.0,,22.0,19.0
FR0785,0.0,242.32,MQ-400E4001024A,4X4,SLP,Copper ,700.0,Step Cut,2.0,2.0
FR0798,5.0,187.3,TQ-500M600A042A,6X5,QFN,Copper ,360.0,,8.0,8.0
FR0799,5.0,219.3,TQ-300E500B024A,5X3,QFN,Copper ,715.0,,2.0,2.0
FR0800,3.0,294.47,TDC300M300C008P,3X3,QFN,Full PPF,1170.0,,22.0,19.0
FR0802,5.0,311.76,TD-200E300M008A,3X2,QFN,Copper ,1690.0,,5.0,5.0
FR0806,2.0,175.64,NQ-900E900B064A,9X9,QFN,Copper ,120.0,,2.0,2.0
FR0809,5.0,207.97,TQ-500E500B032A,5X5,QFN,Copper ,440.0,,32.0,32.0
FR0810,5.0,167.3,TQ-700E700B048A,7X7,QFN,Copper ,240.0,,27.0,26.0
FR0814,5.0,360.56,TD-200E200B008C,2X2,QFN,Copper ,2470.0,,11.0,11.0
FR0819,3.0,401.91,TD-400M200B016P,2X4,QFN,Full PPF,1330.0,,1.0,1.0
FR0823,5.0,169.52,TQ-700E800B052A,8X7,QFN,Copper ,210.0,,3.0,3.0
FR0827,5.0,150.48,NQ-A00EA00B068A,10X10,QFN,Copper ,120.0,,3.0,3.0
FR0832,3.0,151.98,NQ-900E900B064D,9X9,QFN,Full PPF,120.0,,9.0,8.0
FR0843,3.0,252.34,MQ-400E400B024D,4X4,QFN,Full PPF,700.0,,21.0,20.0
FR0852,3.0,321.09,TD-292E329E006P,3.29X2.92,QFN,Full PPF,1080.0,,1.0,1.0
FR0860,3.0,216.58,NQ-500E500B032A,5X5,QFN,Full PPF,440.0,,32.0,28.0
FR0861,3.0,216.58,TQ-500M500B032P,5X5,QFN,Full PPF,440.0,,32.0,28.0
FR0868,1.0,288.23333333333335,MQD400E650Z022C,6.5X4,QFN,Copper ,450.0,,1.0,1.0
FR0869,3.0,386.6,MQD375E400Z012C,4X3.75,QFN,Full PPF,700.0,,1.0,1.0
FR0873,3.0,284.885,MQD400E450Z018C,4X4.5,QFN,Full PPF,600.0,,1.0,1.0
FR0875,3.0,202.52,NQ-700E700A056P,7X7,QFN,Full PPF,240.0,,12.0,11.0
FR0884,3.0,252.34,NQ-400E400A032P,4X4,QFN,Full PPF,700.0,,21.0,20.0
FR0887,3.0,216.58,MQ-500S500B032P,5X5,QFN,Full PPF,440.0,,32.0,28.0
FR0888,3.0,216.58,NQ-500E500B032D,5X5,QFN,Full PPF,440.0,,32.0,28.0
FR0890,0.0,231.86500000000004,NQ-400E400B024D,4X4,QFN,Full PPF,700.0,,1.0,1.0
FR0896,3.0,252.34,NQ-400E400C016D,4X4,QFN,Full PPF,700.0,,21.0,20.0
FR0898,3.0,216.58,NQ-500E500B028D,5X5,QFN,Full PPF,440.0,,32.0,28.0
FR0910,5.0,267.89,ND-300E300B012A,3X3,QFN,Copper ,1170.0,,33.0,31.0
FR0917,3.0,310.52,MQD415E800Z015C,8X4.15,QFN,Full PPF,315.0,,1.0,1.0
FR0918,1.0,342.35,NQ-400E400C016P,4X4,QFN,Full PPF,700.0,,4.0,4.0
FR0922,5.0,267.89,TDC300E300C008A,3X3,QFN,Copper ,1170.0,,33.0,31.0
FR0928,3.0,216.58,NQC500E500A040D,5X5,QFN,Full PPF,440.0,,32.0,28.0
FR0929,3.0,207.9,MQ-600M600B040B,6X6,QFN,Full PPF,315.0,,7.0,6.0
FR0930,3.0,151.98,NQ-900E900B064D,9X9,QFN,Full PPF,120.0,,9.0,8.0
FR0934,3.0,216.58,NQ-500E500C024A,5X5,QFN,Full PPF,440.0,,32.0,28.0
FR0939,5.0,221.65,NQ-400E400B020A,4X4,QFN,Copper ,700.0,,33.0,31.0
FR0940,3.0,216.58,MD-500M500B018P,5X5,QFN,Full PPF,440.0,,32.0,28.0
FR0942,3.0,218.09,NQ-400E4001020A,4X4,SLP,Copper ,700.0,Step Cut,17.0,11.0
FR0943,5.0,269.46,TQ-400E4001024A,4X4,SLP,Copper ,700.0,Full Cut,10.0,10.0
FR0944,5.0,224.91,NQ-500E5001028A,5X5,SLP,Copper ,440.0,Full Cut,12.0,12.0
FR0945,5.0,224.91,NQ-500E5001032A,5X5,SLP,Copper ,440.0,Full Cut,12.0,12.0
FR0946,5.0,267.89,NQ-300E300B016A,3X3,QFN,Copper ,1170.0,,33.0,31.0
FR0949,5.0,207.97,NQC500M500B030A,5X5,QFN,Copper ,440.0,,32.0,32.0
FR0958,3.0,252.34,NQ-400E400B020D,4X4,QFN,Full PPF,700.0,,21.0,20.0
FR0967,3.0,596.46,ND-500E400B014A,4X5,QFN,Full PPF,550.0,,1.0,1.0
FR0968,5.0,173.55,NQ-600E600B036A,6X6,QFN,Copper ,315.0,,18.0,15.0
FR0969,5.0,167.3,MQC700E700B048A,7X7,QFN,Copper ,240.0,Full Cut,27.0,26.0
FR0970,5.0,167.3,NQ-700E700B048A,7X7,QFN,Copper ,240.0,Full Cut,27.0,26.0
FR0973,3.0,294.47,ND-300E300C008A,3X3,QFN,Full PPF,1170.0,,22.0,19.0
FR0979,3.0,294.47,TQ-300E300B016A,3X3,QFN,Full PPF,1170.0,,22.0,19.0
FR0983,5.0,331.68,TQ-300E200B012C,2X3,QFN,Copper ,1690.0,,3.0,3.0
FR0986,3.0,222.95,MQD415E600Z015C,6X4.15,QFN,Full PPF,405.0,,1.0,1.0
FR0987,3.0,168.25,MQ-A00EA00B072D,10X10,QFN,Full PPF,120.0,,4.0,4.0
FR0989,3.0,171.27,NQ-700E7001048A,7X7,SLP,Copper ,240.0,Step Cut,15.0,14.0
FR0996,5.0,221.65,NQ-400E400C016A,4X4,QFN,Copper ,700.0,,33.0,31.0
FR1005,5.0,187.3,TQ-500E600B036A,6X5,QFN,Copper ,360.0,,8.0,8.0
FR1006,3.0,269.33,ND-400E300B014P,3X4,QFN,Full PPF,910.0,,5.0,3.0
FR1007,5.0,267.89,NQC300E300B016A,3X3,QFN,Copper ,1170.0,,33.0,31.0
FR1009,2.0,400.38,ND-300E300B010A,3X3,QFN,Copper ,1170.0,Step Cut,5.0,4.0
FR1010,5.0,311.76,ND-200E300B008A,3X2,QFN,Copper ,1690.0,,5.0,5.0
FR1020,5.0,207.97,TQ-500E500B032A,5X5,QFN,Copper ,440.0,,32.0,32.0
FR1021,3.0,163.57,NQ-800E8001056A,8X8,SLP,Copper ,175.0,Step Cut,3.0,3.0
FR1027,3.0,439.71,TD-150E150B006P,1.5X1.5,QFN,Full PPF,4080.0,,4.0,4.0
FR1033,3.0,216.58,NQ-500E500B032P,5X5,QFN,Full PPF,440.0,,32.0,28.0
FR1035,5.0,221.65,NQ-400E400C016A,4X4,QFN,Copper ,700.0,,33.0,31.0
FR1039,3.0,216.58,NQC500E500A040A,5X5,QFN,Full PPF,440.0,,32.0,28.0
FR1048,5.0,273.44,NQ-400E5001022C,5X4,SLP,Copper ,550.0,Full Cut,1.0,1.0
FR1051,0.0,651.1100000000001,ND-300E300B010A,3X3,QFN,Copper ,1170.0,,1.0,1.0
FR1055,3.0,202.52,NQ-700E700B048A,7X7,QFN,Full PPF,240.0,,12.0,11.0
FR1056,5.0,360.56,ND-200E200B008A,2X2,QFN,Copper ,2470.0,,11.0,11.0
FR1067,3.0,294.47,TQC300E300B016D,3X3,QFN,Full PPF,1170.0,,22.0,19.0
FR1070,3.0,400.99,ND-200E200A010P,2X2,QFN,Full PPF,2470.0,,16.0,16.0
FR1077,5.0,163.64,TQ-400E700A044A,7X4,QFN,Copper ,400.0,,2.0,2.0
FR1082,5.0,167.3,MQC700E700B048A,7X7,QFN,Copper ,240.0,,27.0,26.0
FR1083,5.0,267.89,NDC300E300B008A,3X3,QFN,Copper ,1170.0,,33.0,31.0
FR1084,5.0,173.55,NQ-600E600B040A,6X6,QFN,Copper ,315.0,,18.0,15.0
FR1086,2.0,263.53333333333336,NQ-700Z700A056T,7X7,QFN,Copper ,0.0,Step Cut,1.0,1.0
FR1088,5.0,360.56,ND-200E200B008A,2X2,QFN,Copper ,2470.0,,11.0,11.0
FR1091,5.0,207.97,NQ-500E500D016A,5X5,QFN,Copper ,440.0,,32.0,32.0
FR1093,3.0,231.28,NQ-300E3001016A,3X3,SLP,Copper ,1170.0,Step Cut,13.0,12.0
FR1095,3.0,207.9,TQ-600M600B036P,6X6,QFN,Full PPF,315.0,,7.0,6.0
FR1114,5.0,245.31,ND-400E300B014A,3X4,QFN,Copper ,910.0,,5.0,5.0
FR1119,3.0,428.8,ND-250E200B010D,2X2.5,QFN,Full PPF,1995.0,,3.0,3.0
FR1120,5.0,218.94,ND-350E430C008A,4.3X3.5,QFN,Copper ,720.0,,1.0,1.0
FR1124,3.0,218.09,TQ-400E4001020A,4X4,SLP,Copper ,700.0,Step Cut,17.0,11.0
FR1125,3.0,218.09,TQ-400E4001016A,4X4,SLP,Copper ,700.0,Step Cut,17.0,11.0
FR1127,3.0,188.54,MB-G0-1G0361BFT,16X16,BGA,Full PPF,1.0,,1.0,1.0
FR1128,0.0,383.76,NQ-500E500A040A,5X5,QFN,Copper ,440.0,,2.0,2.0
FR1133,3.0,218.09,TQ-400E4001020A,4X4,SLP,Copper ,700.0,Step Cut,17.0,11.0
FR1134,3.0,216.58,NQ-500E500B032P,5X5,QFN,Full PPF,440.0,,32.0,28.0
FR1136,5.0,280.61,ND-300E3001010A,3X3,SLP,Copper ,1170.0,Full Cut,8.0,6.0
FR1137,5.0,173.55,NQC600E600A048A,6X6,QFN,Copper ,315.0,,18.0,15.0
FR1138,2.0,240.86,TQ-300E3001012C,3X3,SLP,Copper ,1170.0,Step Cut,8.0,8.0
FR1141,5.0,269.46,NQ-400E4001024A,4X4,SLP,Copper ,700.0,Full Cut,10.0,10.0
FR1144,3.0,171.27,NQC700E7001048A,7X7,SLP,Copper ,240.0,Step Cut,15.0,14.0
FR1148,5.0,360.56,TD-200E200B006A,2X2,QFN,Copper ,2470.0,,11.0,11.0
FR1149,3.0,171.27,NQC700M7001048A,7X7,SLP,Copper ,240.0,Step Cut,15.0,14.0
FR1151,3.0,187.84,ND-400E400X012E,4X4,SFS,Copper ,700.0,Step Cut,1.0,1.0
FR1152,3.0,213.0,NQ-500E5001032A,5X5,SLP,Copper ,440.0,Step Cut,16.0,14.0
FR1156,5.0,207.97,NQC500E500B032A,5X5,QFN,Copper ,440.0,,32.0,32.0
FR1158,0.0,383.76,NQ-500E500B028K,5X5,QFN,Copper ,440.0,,2.0,2.0
FR1162,3.0,218.09,NQ-400E4001024A,4X4,SLP,Copper ,700.0,Step Cut,17.0,11.0
FR1164,0.0,197.08499999999998,NQC800E800B048A,8X8,QFN,Copper ,175.0,,1.0,1.0
FR1165,3.0,165.16,MQ-800E800B056P,8X8,QFN,Full PPF,175.0,,6.0,4.0
FR1168,2.0,182.94,NQ-700E7001048A,7X7,SLP,Copper ,240.0,Step Cut,3.0,3.0
FR1170,3.0,250.06,TD-170E2501002A,2.5X1.7,SLP,Copper ,2325.0,Step Cut,2.0,2.0
FR1171,3.0,207.9,NQ-600E600B040P,6X6,QFN,Full PPF,315.0,,7.0,6.0
FR1176,5.0,360.56,TQ-200E200B010A,2X2,QFN,Copper ,2470.0,,11.0,11.0
FR1177,5.0,168.06,TQ-500E800Z040A,8X5,QFN,Copper ,280.0,,4.0,3.0
FR1178,3.0,182.48,NQC600M800B040D,8X6,QFN,Full PPF,245.0,,1.0,1.0
FR1180,5.0,167.3,NQ-700E700B048A,7X7,QFN,Copper ,240.0,,27.0,26.0
FR1182,3.0,252.8,TD-200E2001006A,2X2,SLP,Copper ,2470.0,Step Cut,8.0,6.0
FR1186,5.0,228.2,NQ-350E350B017C,3.5X3.5,QFN,Copper ,880.0,,2.0,2.0
FR1189,0.0,596.97,ND-300E300X008A,3X3,SFS,Copper ,1170.0,,1.0,1.0
FR1190,3.0,269.33,NDC400E300C010P,3X4,QFN,Full PPF,910.0,,5.0,3.0
FR1192,2.0,209.7,NQ-500E5001024A,5X5,SLP,Copper ,440.0,Step Cut,6.0,5.0
FR1194,3.0,216.58,MQ-500D500B032P,5X5,QFN,Full PPF,440.0,,32.0,28.0
FR1200,5.0,206.13,TQC400E500B024A,5X4,QFN,Copper ,550.0,,5.0,5.0
FR1201,3.0,165.16,NQ-800E800B056P,8X8,QFN,Full PPF,175.0,,6.0,4.0
FR1203,5.0,236.03,TD-300E200B010A,2X3,QFN,Copper ,1710.0,,3.0,3.0
FR1204,3.0,238.54999999999998,TQC400M3001019A,3X4,SLP,Copper ,900.0,Step Cut,1.0,1.0
FR1208,3.0,206.68,NQ-600E6001036A,6X6,SLP,Copper ,315.0,Step Cut,5.0,4.0
FR1212,3.0,217.22,NQ-350E4501020A,4.5X3.5,SLP,Copper ,720.0,Step Cut,2.0,2.0
FR1215,5.0,267.89,NQC300E300B016D,3X3,QFN,Copper ,1170.0,,33.0,31.0
FR1217,3.0,228.51000000000008,NQ-400E3501014C,3.5X4,SLP,Copper ,770.0,Step Cut,1.0,1.0
FR1219,5.0,201.65,ND-330E330C006A,3.3X3.3,QFN,Copper ,1020.0,,1.0,1.0
FR1224,5.0,221.65,TQC400E400B024A,4X4,QFN,Copper ,700.0,,33.0,31.0
FR1226,5.0,224.91,NQ-500E5001032A,5X5,SLP,Copper ,440.0,Full Cut,12.0,12.0
FR1228,5.0,164.92,TQC500EB00B056A,11X5,QFN,Copper ,200.0,,1.0,1.0
FR1229,3.0,207.9,NQ-600E600B040D,6X6,QFN,Full PPF,315.0,,7.0,6.0
FR1230,1.0,295.5166666666667,TD-300M200B010P,2X3,QFN,Full PPF,1170.0,,1.0,1.0
FR1234,3.0,249.89,NQ-400E450B026F,4.5X4,QFN,Full PPF,600.0,,1.0,1.0
FR1236,3.0,213.0,NQ-500E5001028A,5X5,SLP,Copper ,440.0,Step Cut,16.0,14.0
FR1239,3.0,232.65,TQ-300E4001018C,4X3,SLP,Copper ,910.0,Step Cut,5.0,5.0
FR1246,5.0,277.68,ND-450E3001014A,3X4.5,SLP,Copper ,780.0,Full Cut,1.0,1.0
FR1247,5.0,280.61,ND-300E3001008U,3X3,SLP,Copper ,1170.0,Full Cut,8.0,6.0
FR1248,3.0,231.28,ND-300E3001006A,3X3,SLP,Copper ,1170.0,Step Cut,13.0,12.0
FR1252,2.0,314.36,TD-200E2001008A,2X2,SLP,Copper ,2470.0,Step Cut,4.0,4.0
FR1253,3.0,216.58,NQ-500E500B028P,5X5,QFN,Full PPF,440.0,,32.0,28.0
FR1255,5.0,221.65,ND-400E400D010A,4X4,QFN,Copper ,700.0,,33.0,31.0
FR1258,3.0,225.14,ND-450D3001014A,3X4.5,SLP,Copper ,780.0,Step Cut,3.0,3.0
FR1263,3.0,171.27,NQ-700E7001048A,7X7,SLP,Copper ,240.0,Step Cut,15.0,14.0
FR1264,5.0,168.06,TQ-500E800A052A,8X5,QFN,Copper ,280.0,,4.0,3.0
FR1266,5.0,214.83,TD-500E400B016A,4X5,QFN,Copper ,550.0,,3.0,3.0
FR1269,1.0,230.4,MQ-300E3001016A,3X3,SLP,Copper ,1170.0,Step Cut,3.0,3.0
FR1271,5.0,206.13,NDC500E400B016A,5X4,QFN,Copper ,550.0,,5.0,5.0
FR1272,5.0,245.31,NDC400E300B012A,3X4,QFN,Copper ,910.0,,5.0,5.0
FR1277,3.0,213.0,TQC500E5001028A,5X5,SLP,Copper ,440.0,Step Cut,16.0,14.0
FR1278,3.0,218.09,TQ-400E4001020A,4X4,SLP,Copper ,700.0,Step Cut,17.0,11.0
FR1279,5.0,221.65,MQC400E400B020E,4X4,QFN,Copper ,700.0,Full Cut,33.0,31.0
FR1283,5.0,206.82,ND-500E600G008A,6X5,QFN,Copper ,385.0,,4.0,4.0
FR1285,0.0,532.75,MQC400S400X024A,4X4,SFS,Copper ,700.0,Step Cut,2.0,2.0
FR1287,5.0,374.76,NQ-200E3001012C,3X2,SLP,Copper ,1710.0,Full Cut,2.0,2.0
FR1289,5.0,267.89,TD-300E300B010A,3X3,QFN,Copper ,1170.0,,33.0,31.0
FR1294,5.0,214.62,TQ-700E7001044A,7X7,SLP,Copper ,240.0,Full Cut,3.0,3.0
FR1297,2.0,240.86,ND-300E3001010A,3X3,SLP,Copper ,1170.0,Step Cut,8.0,8.0
FR1298,3.0,244.94,NQ-350E3501014A,3.5X3.5,SLP,Copper ,880.0,Step Cut,3.0,3.0
FR1304,2.0,240.86,MDC300E3001008K,3X3,SLP,Copper ,1170.0,Step Cut,8.0,8.0
FR1321,3.0,218.09,NQ-400E4001024A,4X4,SLP,Copper ,700.0,Step Cut,17.0,11.0
FR1324,2.0,236.48,TQ-400E4001016A,4X4,SLP,Copper ,700.0,Step Cut,4.0,4.0
FR1325,1.0,342.35,TQ-400E400B024P,4X4,QFN,Full PPF,700.0,,4.0,4.0
FR1327,3.0,171.27,NQ-700E7001048A,7X7,SLP,Copper ,240.0,Step Cut,15.0,14.0
FR1328,5.0,221.65,NQ-400E400C016A,4X4,QFN,Copper ,700.0,,33.0,31.0
FR1338,5.0,214.83,TD-500S400B016A,4X5,QFN,Copper ,550.0,,3.0,3.0
FR1339,3.0,211.05,NDC600M400A023P,4X6,QFN,Full PPF,490.0,,1.0,1.0
FR1340,3.0,213.0,NQ-500E5001032A,5X5,SLP,Copper ,440.0,Step Cut,16.0,14.0
FR1341,3.0,206.89,ND-500S600G008A,6X5,QFN,Full PPF,385.0,,2.0,2.0
FR1343,3.0,202.52,NQW700M700B048P,7X7,QFN,Full PPF,240.0,,12.0,11.0
FR1350,3.0,206.68,NQ-600E6001040A,6X6,SLP,Copper ,315.0,Step Cut,5.0,4.0
FR1357,2.0,202.17,NQ-600E6001048A,6X6,SLP,Copper ,315.0,Step Cut,4.0,3.0
FR1376,5.0,249.19,MDF300E220Z004A,3X2.2,QFN,Copper ,1530.0,,2.0,2.0
FR1390,2.0,293.2633333333333,ND-200E2201006A,2.2X2,SLP,Copper ,2210.0,Step Cut,1.0,1.0
FR1392,3.0,252.8,TD-200E2001006A,2X2,SLP,Copper ,2470.0,Step Cut,8.0,6.0
FR1393,3.0,231.28,ND-300E3001010A,3X3,SLP,Copper ,1170.0,Step Cut,13.0,12.0
FR1397,3.0,218.09,TD-400E4001008A,4X4,SLP,Copper ,700.0,Step Cut,17.0,11.0
FR1401,2.0,202.17,MQC600E6001032A,6X6,SLP,Copper ,315.0,Step Cut,4.0,3.0
FR1405,3.0,348.385,NQ-200E3001009C,3X2,SLP,Copper ,1690.0,Step Cut,1.0,1.0
FR1406,3.0,231.28,ND-300E3001010A,3X3,SLP,Copper ,1170.0,Step Cut,13.0,12.0
FR1407,0.0,314.94,MQC500E5001032A,5X5,SLP,Copper ,440.0,Step Cut,2.0,2.0
FR1414,1.0,229.08999999999997,TD-300D2001012A,2X3,SLP,Copper ,1710.0,Step Cut,1.0,1.0
FR1415,2.0,314.36,ND-200E2001006A,2X2,SLP,Copper ,2470.0,Step Cut,4.0,4.0
FR1417,5.0,224.91,NQ-500E5001032A,5X5,SLP,Copper ,440.0,Full Cut,12.0,12.0
FR1420,5.0,170.84,TQ-350D900B042A,9X3.5,QFN,Copper ,330.0,,2.0,2.0
FR1422,3.0,202.52,NQ-700E700B048P,7X7,QFN,Full PPF,240.0,,12.0,11.0
FR1426,1.0,360.06,TQ-500E500B024P,5X5,QFN,Full PPF,440.0,,2.0,2.0
FR1441,3.0,248.01,TD-300E2001010A,2X3,SLP,Copper ,1710.0,Step Cut,4.0,4.0
FR1442,3.0,231.28,NQ-300E3001016A,3X3,SLP,Copper ,1170.0,Step Cut,13.0,12.0
FR1443,3.0,206.68,NQ-600E6001036A,6X6,SLP,Copper ,315.0,Step Cut,5.0,4.0
FR1447,3.0,171.27,NQ-700E7001056A,7X7,SLP,Copper ,240.0,Step Cut,15.0,14.0
FR1449,3.0,231.28,TD-300E3001010A,3X3,SLP,Copper ,1170.0,Step Cut,13.0,12.0
FR1451,5.0,226.68,TQ-250E450A030A,4.5X2.5,QFN,Copper ,900.0,,1.0,1.0
FR1456,2.0,228.56,NQP400E3501014C,3.5X4,SLP,Copper ,770.0,Step Cut,1.0,1.0
FR1462,1.0,360.06,TQC500E500A036D,5X5,QFN,Full PPF,440.0,,2.0,2.0
FR1464,2.0,236.48,NQ-400E4001020A,4X4,SLP,Copper ,700.0,Step Cut,4.0,4.0
FR1469,1.0,342.35,TQ-400S400A032P,4X4,QFN,Full PPF,700.0,,4.0,4.0
FR1474,5.0,245.31,TD-400M300B014A,3X4,QFN,Copper ,910.0,,5.0,5.0
FR1476,5.0,207.97,TQ-500E500B032A,5X5,QFN,Copper ,440.0,,32.0,32.0
FR1479,5.0,267.89,TD-300E300B010A,3X3,QFN,Copper ,1170.0,,33.0,31.0
FR1480,5.0,221.65,TQ-400E400C016A,4X4,QFN,Copper ,700.0,,33.0,31.0
FR1486,5.0,206.13,TQ-400E500B024A,5X4,QFN,Copper ,550.0,,5.0,5.0
FR1490,5.0,221.65,TQ-400E400B020A,4X4,QFN,Copper ,700.0,,33.0,31.0
FR1491,5.0,206.13,TQ-400E500B024A,5X4,QFN,Copper ,550.0,,5.0,5.0
FR1492,5.0,207.97,TQ-500E500C020A,5X5,QFN,Copper ,440.0,,32.0,32.0
FR1493,3.0,205.37,TQ-400E600Z016A,6X4,QFN,Full PPF,450.0,,2.0,2.0
FR1496,5.0,235.31,TD-500E300B018A,3X5,QFN,Copper ,715.0,,5.0,4.0
FR1498,1.0,329.04,TQ-600E600A044P,6X6,QFN,Full PPF,315.0,,1.0,1.0
FR1500,0.0,266.92,ND-500E600G008A,6X5,QFN,Copper ,385.0,,1.0,1.0
FR1502,5.0,168.06,TQ-500E800B044A,8X5,QFN,Copper ,280.0,,4.0,3.0
FR1503,3.0,216.58,NQ-500E500A040D,5X5,QFN,Full PPF,440.0,,32.0,28.0
FR1504,5.0,221.65,TQ-400E400B024A,4X4,QFN,Copper ,700.0,,33.0,31.0
FR1508,3.0,294.47,ND-300E300B012A,3X3,QFN,Full PPF,1170.0,,22.0,19.0
FR1510,2.0,400.38,NDC300M300B012A,3X3,QFN,Copper ,1170.0,,5.0,4.0
FR1511,5.0,267.89,ND-300E300B010A,3X3,QFN,Copper ,1170.0,,33.0,31.0
FR1515,5.0,267.89,NDC300E300B012A,3X3,QFN,Copper ,1170.0,,33.0,31.0
FR1516,5.0,245.31,TD-400E300M016A,3X4,QFN,Copper ,910.0,,5.0,5.0
FR1518,3.0,400.99,TD-200E200C006A,2X2,QFN,Full PPF,2470.0,,16.0,16.0
FR1522,5.0,235.31,TD-500E300B016A,3X5,QFN,Copper ,715.0,,5.0,4.0
FR1528,5.0,167.3,TQ-700E700B048A,7X7,QFN,Copper ,240.0,,27.0,26.0
FR1536,3.0,252.34,NQC400E400A032A,4X4,QFN,Full PPF,700.0,,21.0,20.0
FR1538,5.0,160.96,TQ-700EB00B064A,11X7,QFN,Copper ,150.0,,1.0,1.0
FR1540,3.0,219.71,NQ-350E450B025F,4.5X3.5,QFN,Full PPF,660.0,,2.0,2.0
FR1545,5.0,167.3,NQ-700E700B048K,7X7,QFN,Copper ,240.0,,27.0,26.0
FR1550,5.0,267.89,NQ-300E300B017W,3X3,QFN,Copper ,1170.0,,33.0,31.0
FR1551,0.0,532.75,ND-400E400X012E,4X4,SFS,Copper ,700.0,,2.0,2.0
FR1552,3.0,216.58,NQ-500E500C020U,5X5,QFN,Full PPF,440.0,,32.0,28.0
FR1559,5.0,228.2,NQ-350E350Z018N,3.5X3.5,QFN,Copper ,880.0,,2.0,2.0
FR1560,5.0,207.97,TQC500M500U031U,5X5,QFN,Copper ,440.0,,32.0,32.0
FR1562,5.0,267.89,TQ-300E300B012A,3X3,QFN,Copper ,1170.0,,33.0,31.0
FR1574,5.0,167.3,NQ-700E700A056E,7X7,QFN,Copper ,240.0,,27.0,26.0
FR1579,3.0,176.62,4QC400M500U025B,5X4,QFN,Full PPF,560.0,,2.0,2.0
FR1583,1.0,532.58,NQC500E500X032U,5X5,SFS,Copper ,440.0,,1.0,1.0
FR1590,3.0,213.0,NQ-500E5001020E,5X5,SLP,Copper ,440.0,Step Cut,16.0,14.0
FR1612,5.0,158.9,MQ-800E800B056A,8X8,QFN,Copper ,175.0,,6.0,6.0
FR1615,5.0,280.38,TQC250E250B016A,2.5X2.5,QFN,Copper ,1650.0,,2.0,2.0
FR1616,5.0,221.65,TD-400E400C010A,4X4,QFN,Copper ,700.0,,33.0,31.0
FR1617,5.0,239.71,TD-600S800G008K,8X6,QFN,Copper ,225.0,,2.0,2.0
FR1618,3.0,165.16,NDC800E800Z008A,8X8,QFN,Full PPF,175.0,,6.0,4.0
FR1629,5.0,187.3,TQC500M600U039U,6X5,QFN,Copper ,360.0,,8.0,8.0
FR1634,3.0,216.58,TQC500E500U031U,5X5,QFN,Full PPF,440.0,,32.0,28.0
FR1636,5.0,218.61,4QC400E600U034U,6X4,QFN,Copper ,450.0,,5.0,5.0
FR1637,5.0,151.67,TQ-900E900B064E,9X9,QFN,Copper ,120.0,,11.0,10.0
FR1638,5.0,213.3,TD-600M300B022A,3X6,QFN,Copper ,585.0,,2.0,2.0
FR1642,3.0,535.0,NDC200E235Z002J,2.35X2,QFN,Full PPF,2080.0,,1.0,1.0
FR1645,5.0,207.45,TQC400E500B025U,4X5,QFN,Copper ,560.0,,4.0,4.0
FR1648,3.0,202.52,NQC700E700A056D,7X7,QFN,Full PPF,240.0,,12.0,11.0
FR1653,3.0,269.33,TDC400E300B014A,3X4,QFN,Full PPF,910.0,,5.0,3.0
FR1658,5.0,221.65,TQC400E400A026A,4X4,QFN,Copper ,700.0,,33.0,31.0
FR1659,3.0,216.58,NQ-500E500B032D,5X5,QFN,Full PPF,440.0,,32.0,28.0
FR1660,3.0,294.47,ND-300E300B010D,3X3,QFN,Full PPF,1170.0,,22.0,19.0
FR1662,3.0,252.34,NQC400S400A032D,4X4,QFN,Full PPF,700.0,,21.0,20.0
FR1663,3.0,217.43,4QC500M600U041B,6X5,QFN,Full PPF,360.0,,6.0,6.0
FR1669,3.0,252.34,NQ-400E400B024P,4X4,QFN,Full PPF,700.0,,21.0,20.0
FR1670,3.0,202.52,NQC700E700B048A,7X7,QFN,Full PPF,240.0,,12.0,11.0
FR1676,5.0,331.68,TQ-300E200B014C,2X3,QFN,Copper ,1690.0,,3.0,3.0
FR1683,0.0,201.7,NQ-600E600A052K,6X6,QFN,Copper ,315.0,,1.0,1.0
FR1684,3.0,183.72,ND-700S500R006D,5X7,QFN,Full PPF,320.0,,5.0,4.0
FR1685,3.0,158.26,NQ-750E750A064D,7.5X7.5,QFN,Full PPF,175.0,,2.0,2.0
FR1686,5.0,167.3,NQ-700E700B042K,7X7,QFN,Copper ,240.0,,27.0,26.0
FR1691,3.0,202.52,NQ-700E700A052D,7X7,QFN,Full PPF,240.0,,12.0,11.0
FR1698,5.0,207.97,TQ-500M500U032U,5X5,QFN,Copper ,440.0,,32.0,32.0
FR1699,5.0,218.61,4Q-400E600U034U,6X4,QFN,Copper ,450.0,,5.0,5.0
FR1702,3.0,217.43,4QC500M600U041B,6X5,QFN,Full PPF,360.0,,6.0,6.0
FR1704,5.0,158.9,NDC800E800Z008A,8X8,QFN,Copper ,175.0,,6.0,6.0
FR1706,0.0,604.2149999999999,NDC300E350X010U,3X3.5,SFS,Copper ,1040.0,,1.0,1.0
FR1708,5.0,360.56,NDC200S200A010K,2X2,QFN,Copper ,2470.0,,11.0,11.0
FR1710,3.0,202.01,NQC800E600C030D,8X6,QFN,Full PPF,225.0,,1.0,1.0
FR1715,3.0,183.72,ND-700S500Z004D,5X7,QFN,Full PPF,320.0,,5.0,4.0
FR1719,3.0,274.75,TD-300E500A014D,5X3,QFN,Full PPF,720.0,,1.0,1.0
FR1732,3.0,252.34,NQ-400E400C016D,4X4,QFN,Full PPF,700.0,,21.0,20.0
FR1745,5.0,185.88,TQZ500M600U039U,5X6,QFN,Copper ,360.0,,8.0,8.0
FR1747,5.0,167.3,NQC700E700A056K,7X7,QFN,Copper ,240.0,,27.0,26.0
FR1748,3.0,388.63,,,NAN,,,,,
FR1752,5.0,173.55,TQC600M600U048U,6X6,QFN,Copper ,315.0,,18.0,15.0
FR1758,3.0,252.34,NQC400E400B022D,4X4,QFN,Full PPF,700.0,,21.0,20.0
FR1759,3.0,294.47,NDC300E300B012D,3X3,QFN,Full PPF,1170.0,,22.0,19.0
FR1761,2.0,285.02,NDC500E600G008D,5X6,QFN,Full PPF,385.0,,1.0,1.0
FR1764,3.0,252.34,NQC400M400B023D,4X4,QFN,Full PPF,700.0,,21.0,20.0
FR1768,5.0,185.88,TQ-500E600B036K,5X6,QFN,Copper ,360.0,,8.0,8.0
FR1769,5.0,207.97,TQ-500E500B032K,5X5,QFN,Copper ,440.0,,32.0,32.0
FR1771,3.0,294.47,TD-300E300B010A,3X3,QFN,Full PPF,1170.0,,22.0,19.0
FR1776,3.0,202.52,NQC700E700A060D,7X7,QFN,Full PPF,240.0,,12.0,11.0
FR1780,5.0,221.65,4QC400E400U028U,4X4,QFN,Copper ,700.0,,33.0,31.0
FR1784,2.0,290.61,NQC600E600A052B,6X6,QFN,Full PPF,315.0,,1.0,1.0
FR1788,4.0,311.49,JQP300E270B009M,2.7X3,QFN,Selective PPF,1300.0,,1.0,1.0
FR1790,5.0,185.88,TQ-500M600U039U,5X6,QFN,Copper ,360.0,,8.0,8.0
FR1795,3.0,294.47,MDC300E300B012D,3X3,QFN,Full PPF,1170.0,,22.0,19.0
FR1805,3.0,175.945,TQC400M500U024U,4X5,QFN,Full PPF,560.0,,1.0,1.0
FR1806,0.0,178.06,NDC800E800Z008B,8X8,QFN,Full PPF,175.0,,2.0,2.0
FR1808,5.0,165.73,,,NAN,,,,,
FR1812,5.0,207.45,TQC400M500U024U,4X5,QFN,Copper ,560.0,,4.0,4.0
FR1813,3.0,216.58,TQC500M500U031U,5X5,QFN,Full PPF,440.0,,32.0,28.0
FR1814,5.0,187.3,NQC500E600M039U,6X5,QFN,Copper ,360.0,,8.0,8.0
FR1817,5.0,218.27,TD-330E330C008U,3.3X3.3,QFN,Copper ,880.0,,3.0,3.0
FR1819,1.0,280.64333333333326,4Q-400M600S034U,6X4,QFN,Copper ,450.0,,1.0,1.0
FR1821,3.0,337.78,MQ-350E350D012D,3.5X3.5,QFN,Full PPF,880.0,,2.0,2.0
FR1829,3.0,235.42,JQP700E650Z028M,6.5X7,QFN,Full PPF,270.0,,1.0,1.0
FR1830,3.0,327.54,JQP330E450Z009M,3.3X4.5,QFN,Full PPF,720.0,,1.0,1.0
FR1832,0.0,268.4433333333333,4Q-400M500U030U,5X4,QFN,Copper ,560.0,,1.0,1.0
FR1834,5.0,177.55000000000004,NQ-600E900U039U,6X9,QFN,Copper ,210.0,,1.0,1.0
FR1835,3.0,293.75,TQC330D330U012U,3.3X3.3,QFN,Full PPF,960.0,,1.0,1.0
FR1837,5.0,218.61,4Q-400E600U034U,6X4,QFN,Copper ,450.0,,5.0,5.0
FR1840,3.0,288.43,TQ-300E600A040D,6X3,QFN,Full PPF,585.0,,1.0,1.0
FR1850,5.0,255.1,TQ-400M500U024U,5X4,QFN,Copper ,560.0,,2.0,2.0
FR1851,5.0,206.82,TDC500E600G008K,6X5,QFN,Copper ,385.0,,4.0,4.0
FR1854,1.0,200.4,NQC800M600C030D,8X6,QFN,Full PPF,225.0,,1.0,1.0
FR1862,0.0,189.81,4Q-400E600U034U,6X4,QFN,Copper ,450.0,,1.0,1.0
FR1868,3.0,267.16,BQC600S500U023B,5X6,QFN,Full PPF,360.0,,4.0,3.0
FR1869,3.0,252.34,NQC400M400B024D,4X4,QFN,Full PPF,700.0,,21.0,20.0
FR1873,5.0,218.61,4Q-400M600U034U,6X4,QFN,Copper ,450.0,,5.0,5.0
FR1880,3.0,267.16,MQC500M600U039U,5X6,QFN,Full PPF,360.0,,4.0,3.0
FR1882,5.0,278.83,4QC400M500U030U,4X5,QFN,Copper ,112.0,,1.0,1.0
FR1886,5.0,218.61,RQC400M600S034U,6X4,QFN,Copper ,450.0,,5.0,5.0
FR1888,5.0,167.3,NQC700M700B048K,7X7,QFN,Copper ,240.0,,27.0,26.0
FR1889,3.0,217.43,NQC600E500Z023D,6X5,QFN,Full PPF,360.0,,6.0,6.0
FR1892,3.0,469.03,FQP300E270B007M,3X2.7,QFN,Full PPF,1300.0,,1.0,1.0
FR1893,3.0,330.36500000000007,4Q-310M410U026U,3.1X4.1,QFN,Full PPF,900.0,,1.0,1.0
FR1898,3.0,216.58,TQC500M500U031U,5X5,QFN,Full PPF,440.0,,32.0,28.0
FR1902,3.0,151.98,MQC900S900B064D,9X9,QFN,Full PPF,120.0,,9.0,8.0
FR1904,3.0,239.065,RQC525M500S033U,5.25X5,QFN,Full PPF,350.0,,1.0,1.0
FR1906,5.0,248.23,HQC525M500U033U,5.25X5,QFN,Copper ,350.0,,1.0,1.0
FR4003,3.0,216.58,TQC500M500W031U,5X5,QFN,Full PPF,440.0,,32.0,28.0
FR4004,3.0,213.0,NQC500E5001032K,5X5,SLP,Copper ,440.0,Step Cut,16.0,14.0
FR4006,3.0,150.17,NQ-900M9001064U,9X9,SLP,Copper ,120.0,Step Cut,4.0,3.0
FR4008,3.0,252.8,TDC200E2001006K,2X2,SLP,Copper ,2470.0,Step Cut,8.0,6.0
FR4009,5.0,173.55,NQ-600D600W028U,6X6,QFN,Copper ,315.0,,18.0,15.0
FR4010,3.0,217.43,TQC500E600W039U,6X5,QFN,Full PPF,360.0,,6.0,6.0
FR4011,5.0,191.94,NQ-600E6001040E,6X6,SLP,Copper ,315.0,Full Cut,7.0,7.0
FR5001,1.0,385.26,TD-200E200C006D,2X2,QFN,Full PPF,2470.0,,2.0,2.0
FR5003,3.0,400.99,TD-200E200B008B,2X2,QFN,Full PPF,2470.0,,16.0,16.0
FR5004,3.0,252.34,NQC400E400B024Y,4X4,QFN,Full PPF,700.0,,21.0,20.0
FR5005,3.0,216.58,NQ-500E500A040B,5X5,QFN,Full PPF,440.0,,32.0,28.0
FR5008,3.0,294.47,ND-300E300B010D,3X3,QFN,Full PPF,1170.0,,22.0,19.0
FR5010,3.0,381.79,NDC250E250B010D,2.5X2.5,QFN,Full PPF,1650.0,,3.0,3.0
FR5020,3.0,294.47,ND-300E300C008P,3X3,QFN,Full PPF,1170.0,,22.0,19.0
FR5022,3.0,202.52,NQC700E700A056D,7X7,QFN,Full PPF,240.0,,12.0,11.0
FR5026,0.0,229.22000000000003,NQ-300Z300Z020T,3X3,QFN,Full PPF,0.0,,1.0,1.0
FR5028,1.0,342.35,ND-400E400D008Y,4X4,QFN,Full PPF,700.0,,4.0,4.0
FR5034,5.0,173.55,NQ-600E600A048U,6X6,QFN,Copper ,315.0,,18.0,15.0
FR5036,5.0,267.89,NQC300E300B016U,3X3,QFN,Copper ,1170.0,,33.0,31.0
FR5050,5.0,267.89,NQ-300E300B016Z,3X3,QFN,Copper ,1170.0,,33.0,31.0
FR5051,5.0,221.65,MD-400M400D008Z,4X4,QFN,Copper ,700.0,,33.0,31.0
FR5052,5.0,221.65,TD-400E400D010Z,4X4,QFN,Copper ,700.0,,33.0,31.0
FR5054,5.0,280.61,NDC300E3001010Z,3X3,SLP,Copper ,1170.0,Full Cut,8.0,6.0
FR5055,3.0,248.01,TD-300E2001010Z,2X3,SLP,Copper ,1710.0,Step Cut,4.0,4.0
FR5057,3.0,213.0,NQC500E5001040Z,5X5,SLP,Copper ,440.0,Step Cut,16.0,14.0
FR5058,5.0,207.97,NQ-500E500B032Z,5X5,QFN,Copper ,440.0,Full Cut,32.0,32.0
FR5064,3.0,231.28,ND-300E3001010Z,3X3,SLP,Copper ,1170.0,Step Cut,13.0,12.0
FR5066,3.0,231.28,NDC300E3001008Z,3X3,SLP,Copper ,1170.0,Step Cut,13.0,12.0
FR5068,3.0,213.0,NQ-500E5001028Z,5X5,SLP,Copper ,440.0,Step Cut,16.0,14.0
FR5070,3.0,200.19,TQ-400E6001030U,6X4,SLP,Copper ,450.0,Step Cut,2.0,2.0
FR5071,3.0,190.39,ND-500E4001016U,4X5,SLP,Copper ,550.0,Step Cut,2.0,2.0
FR5077,5.0,185.88,4DC600M500U012U,5X6,QFN,Copper ,360.0,,8.0,8.0
FR5078,0.5,163.695,4DC600M500U012U,5X6,QFN,Copper ,360.0,,1.0,1.0
FR5079,5.0,207.45,4DC500M400U018U,4X5,QFN,Copper ,560.0,,4.0,4.0
FR5083,3.0,213.0,NQ-500E5001032Z,5X5,SLP,Copper ,440.0,Step Cut,16.0,14.0
FR5084,3.0,232.65,TQ-300E4001020Z,4X3,SLP,Copper ,910.0,Step Cut,5.0,5.0
FR5088,3.0,150.17,NQ-900E9001064U,9X9,SLP,Copper ,120.0,Step Cut,4.0,3.0
FR5089,3.0,200.19,TQC400E6001030U,6X4,SLP,Copper ,450.0,Step Cut,2.0,2.0
FR5090,2.0,240.86,TD-300E3001012U,3X3,SLP,Copper ,1170.0,Step Cut,8.0,8.0
FR5111,3.0,223.72,TD-400E3001014U,3X4,SLP,Copper ,910.0,Step Cut,3.0,3.0
FR5112,2.0,240.86,TDC300E3001012U,3X3,SLP,Copper ,1170.0,Step Cut,8.0,8.0
FR5122,5.0,269.46,NQ-400E4001020A,4X4,SLP,Copper ,700.0,Full Cut,10.0,10.0
FR5123,3.0,207.9,NQ-600E600C032E,6X6,QFN,Full PPF,315.0,,7.0,6.0
FR5124,3.0,213.0,NQ-500E5001020A,5X5,SLP,Copper ,440.0,Step Cut,16.0,14.0
FR5125,3.0,171.27,NQ-700E7001044E,7X7,SLP,Copper ,240.0,Step Cut,15.0,14.0
FR5126,3.0,213.0,NQ-500E5001032E,5X5,SLP,Copper ,440.0,Step Cut,16.0,14.0
FR5127,3.0,150.17,NQ-900E9001064E,9X9,SLP,Copper ,120.0,Step Cut,4.0,3.0
FR5129,3.0,225.14,ND-450D3001014Z,3X4.5,SLP,Copper ,780.0,Step Cut,3.0,3.0
FR5131,3.0,226.42000000000002,NQ-550D3501024U,3.5X5.5,SLP,Copper ,560.0,Step Cut,1.0,1.0
FR5132,5.0,280.61,TDC300E3001010Z,3X3,SLP,Copper ,1170.0,Full Cut,8.0,6.0
FR5145,1.0,230.4,NQ-300E3001016Z,3X3,SLP,Copper ,1170.0,Step Cut,3.0,3.0
FR5147,3.0,213.0,NQ-500E5001032Z,5X5,SLP,Copper ,440.0,Step Cut,16.0,14.0
FR5149,5.0,238.05,MQC350M450U028U,4.5X3.5,QFN,Copper ,720.0,,2.0,2.0
FR5150,3.0,216.58,5QC500S500U032U,5X5,QFN,Full PPF,440.0,,32.0,28.0
FR5154,5.0,238.05,MQC350M450U028U,4.5X3.5,QFN,Copper ,720.0,,2.0,2.0
FR5157,5.0,207.97,4QZ500M500U031U,5X5,QFN,Copper ,440.0,,32.0,32.0
FR5170,3.0,216.58,NQ-500E500C020D,5X5,QFN,Full PPF,440.0,,32.0,28.0
FR5171,3.0,217.22,NQC350E4501020Z,4.5X3.5,SLP,Copper ,720.0,Step Cut,2.0,2.0
FR5174,3.0,219.71,NQ-350E450B020Y,4.5X3.5,QFN,Full PPF,660.0,,2.0,2.0
FR5177,3.0,217.43,4Q-500M600U041U,6X5,QFN,Full PPF,360.0,,6.0,6.0
FR5193,3.0,218.09,NQ-400E4001024Z,4X4,SLP,Copper ,700.0,Step Cut,17.0,11.0
FR5196,3.0,163.57,NQ-800E8001056U,8X8,SLP,Copper ,175.0,Step Cut,3.0,3.0
FR5202,3.0,267.16,TQ-500E600U039U,5X6,QFN,Full PPF,360.0,,4.0,3.0
FR5203,5.0,191.94,NQ-600E6001032E,6X6,SLP,Copper ,315.0,Full Cut,7.0,7.0
FR5205,5.0,255.1,4Q-400M500U025U,5X4,QFN,Copper ,560.0,,2.0,2.0
FR5209,5.0,207.97,TQ-500E500U032U,5X5,QFN,Copper ,440.0,,32.0,32.0
FR5210,3.0,267.16,TQ-500E600U039U,5X6,QFN,Full PPF,360.0,,4.0,3.0
FR5213,5.0,207.97,NQC500E500A040U,5X5,QFN,Copper ,440.0,,32.0,32.0
FR5214,5.0,185.88,4D-600M500U012U,5X6,QFN,Copper ,360.0,,8.0,8.0
FR5220,5.0,193.71,TD-700M500U032U,5X7,QFN,Copper ,320.0,,2.0,2.0
FR5221,5.0,207.97,TQC500M500U031U,5X5,QFN,Copper ,440.0,,32.0,32.0
FR5222,5.0,187.3,TQC500M600U039U,6X5,QFN,Copper ,360.0,,8.0,8.0
FR5223,5.0,269.46,NQ-400E4001020E,4X4,SLP,Copper ,700.0,Full Cut,10.0,10.0
FR5224,5.0,187.3,TQC500M600U039U,6X5,QFN,Copper ,360.0,,8.0,8.0
FR5230,3.0,176.62,TQ-400E500U025U,5X4,QFN,Full PPF,560.0,,2.0,2.0
FR5232,5.0,207.97,MQ-500E500U032U,5X5,QFN,Copper ,440.0,,32.0,32.0
FR6002,2.0,182.94,MQ-700E7001048A,7X7,SLP,Copper ,240.0,Step Cut,3.0,3.0
FR6003,2.0,202.17,MQ-600E6001040A,6X6,SLP,Copper ,315.0,Full Cut,4.0,3.0
FR6004,2.0,182.94,MQ-700E7001048A,7X7,SLP,Copper ,240.0,Step Cut,3.0,3.0
FR6006,2.0,224.82666666666668,MQ-500E6001044A,6X5,SLP,Copper ,360.0,Step Cut,1.0,1.0
FR6009,2.0,240.86,ND-300E3001006A,3X3,SLP,Copper ,1170.0,Step Cut,8.0,8.0
FR6011,2.0,209.7,MQ-500E5001032A,5X5,SLP,Copper ,440.0,Step Cut,6.0,5.0
FR6014,2.0,209.7,NQ-500E5001032A,5X5,SLP,Copper ,440.0,Step Cut,6.0,5.0
FR6015,2.0,236.48,NQ-400E4001020A,4X4,SLP,Copper ,700.0,Step Cut,4.0,4.0
FR6016,3.0,231.28,ND-300E3001008A,3X3,SLP,Copper ,1170.0,Step Cut,13.0,12.0
FR6021,2.0,202.17,MQC600E6001040A,6X6,SLP,Copper ,315.0,Step Cut,4.0,3.0
FR6022,0.0,242.32,MQC400E4001024A,4X4,SLP,Copper ,700.0,Step Cut,2.0,2.0
FR6026,3.0,201.84,TQ-400E5001028A,5X4,SLP,Copper ,550.0,Step Cut,1.0,1.0
FR6035,3.0,252.8,NQ-200E2001009C,2X2,SLP,Copper ,2470.0,Step Cut,8.0,6.0
FR6041,3.0,206.68,NQC600E6001040A,6X6,SLP,Copper ,315.0,Step Cut,5.0,4.0
FR6042,3.0,171.27,NQ-700E7001048A,7X7,SLP,Copper ,240.0,Step Cut,15.0,14.0
FR6043,3.0,252.8,NDC200E2001008A,2X2,SLP,Copper ,2470.0,Step Cut,8.0,6.0
FR6046,3.0,252.8,TD-200E2001008A,2X2,SLP,Copper ,2470.0,Step Cut,8.0,6.0
FR6049,3.0,294.47,ND-300E300C008A,3X3,QFN,Full PPF,1170.0,Step Cut,22.0,19.0
FR6053,3.0,218.09,NQ-400E4001024A,4X4,SLP,Copper ,700.0,Step Cut,17.0,11.0
FR6055,2.0,236.48,NQC400E4001024A,4X4,SLP,Copper ,700.0,Step Cut,4.0,4.0
FR6059,3.0,171.27,NQ-700E7001048A,7X7,SLP,Copper ,240.0,Step Cut,15.0,14.0
FR6063,2.0,209.7,TQ-500D5001032A,5X5,SLP,Copper ,440.0,Step Cut,6.0,5.0
FR6072,3.0,218.09,TD-400E4001012A,4X4,SLP,Copper ,700.0,Step Cut,17.0,11.0
FR6075,3.0,252.8,TD-200E2001008A,2X2,SLP,Copper ,2470.0,Step Cut,8.0,6.0
FR6083,3.0,231.28,NQ-300E3001016A,3X3,SLP,Copper ,1170.0,Step Cut,13.0,12.0
FR6084,3.0,250.06,TD-170E2501002E,2.5X1.7,SLP,Copper ,2325.0,Step Cut,2.0,2.0
FR6089,3.0,206.68,NQ-600E6001048A,6X6,SLP,Copper ,315.0,Step Cut,5.0,4.0
FR6093,5.0,714.0,TD-250E1001010A,1X2.5,SLP,Copper ,3630.0,Full Cut,1.0,1.0
FR6095,3.0,176.85500000000002,NQ-550E5001032C,5X5.5,SLP,Copper ,300.0,Step Cut,1.0,1.0
FR6096,3.0,232.65,TQ-300E4001020A,4X3,SLP,Copper ,910.0,Step Cut,5.0,5.0
FR6101,2.0,162.79,ND-500E6001008U,6X5,SLP,Copper ,385.0,Full Cut,1.0,1.0
FR6103,3.0,232.65,TQ-300E4001018C,4X3,SLP,Copper ,910.0,Step Cut,5.0,5.0
FR6104,3.0,252.8,TD-200E2001008A,2X2,SLP,Copper ,2470.0,Step Cut,8.0,6.0
FR6107,3.0,213.0,NQ-500E5001032E,5X5,SLP,Copper ,440.0,Step Cut,16.0,14.0
FR6109,5.0,214.62,NQ-700E7001048A,7X7,SLP,Copper ,240.0,Full Cut,3.0,3.0
FR6112,3.0,244.94,NQ-350E3501020A,3.5X3.5,SLP,Copper ,880.0,Step Cut,3.0,3.0
FR6113,3.0,171.27,NQ-700E7001048E,7X7,SLP,Copper ,240.0,Step Cut,15.0,14.0
FR6114,3.0,506.5,ND-160E1401008A,1.4X1.6,SLP,Copper ,4160.0,Step Cut,1.0,1.0
FR6116,3.0,248.01,TD-300M2001010A,2X3,SLP,Copper ,1710.0,Step Cut,4.0,4.0
FR6122,3.0,232.65,TQ-300E4001020A,4X3,SLP,Copper ,910.0,Step Cut,5.0,5.0
FR6125,3.0,190.39,TQ-400E5001026C,4X5,SLP,Copper ,550.0,Step Cut,2.0,2.0
FR6127,2.0,609.21,TQ-140E1801010C,1.4X1.8,SLP,Copper ,3625.0,Step Cut,1.0,1.0
FR6130,3.0,217.43,MQ-500M600W036U,6X5,QFN,Full PPF,360.0,,6.0,6.0
FR6131,3.0,153.32,NQ-A00EA001072U,10X10,SLP,Copper ,120.0,Step Cut,5.0,4.0
FR6133,3.0,171.27,TQ-700E7001048K,7X7,SLP,Copper ,240.0,Step Cut,15.0,14.0
FR6134,3.0,252.34,TQ-400E400B026C,4X4,QFN,Full PPF,700.0,,21.0,20.0
FR6139,3.0,218.09,NQ-400E4001024A,4X4,SLP,Copper ,700.0,Step Cut,17.0,11.0
FR6140,3.0,231.28,NDC300E3001010A,3X3,SLP,Copper ,1170.0,Step Cut,13.0,12.0
FR6141,1.0,180.27666666666667,NQC600E6001028A,6X6,SLP,Copper ,315.0,Step Cut,1.0,1.0
FR6143,2.0,240.86,TQ-300E3001016C,3X3,SLP,Copper ,1170.0,Full Cut,8.0,8.0
FR6146,2.0,314.36,TQ-200E2001012N,2X2,SLP,Copper ,2470.0,Step Cut,4.0,4.0
FR6158,3.0,171.27,NQ-700E7001032A,7X7,SLP,Copper ,240.0,Step Cut,15.0,14.0
FR6159,3.0,153.32,NQ-A00EA001068A,10X10,SLP,Copper ,120.0,Step Cut,5.0,4.0
FR6164,3.0,150.17,NQ-900E9001064A,9X9,SLP,Copper ,120.0,Step Cut,4.0,3.0
FR6168,3.0,213.0,TQ-500E5001032C,5X5,SLP,Copper ,440.0,Step Cut,16.0,14.0
FR6170,2.0,220.055,TQ-425E4251022C,4.25X4.25,SLP,Copper ,540.0,Step Cut,1.0,1.0
FR6172,3.0,275.28000000000003,NQ-200E2201009N,2X2.2,SLP,Copper ,2210.0,Step Cut,1.0,1.0
FR6179,2.0,240.86,TQ-300E3001016N,3X3,SLP,Copper ,1170.0,Step Cut,8.0,8.0
FR6180,5.0,269.46,NQ-400E4001028K,4X4,SLP,Copper ,700.0,Full Cut,10.0,10.0
FR6194,5.0,191.94,TQC600E6001048U,6X6,SLP,Copper ,315.0,Full Cut,7.0,7.0
FR6195,3.0,213.0,TQ-500E5001032K,5X5,SLP,Copper ,440.0,Step Cut,16.0,14.0
FR6199,3.0,192.315,TQC500E6001016U,5X6,SLP,Copper ,360.0,Step Cut,1.0,1.0
FR7003,3.0,600.36,TD-200D2001006A,2X2,SLP,Copper ,2250.0,Step Cut,1.0,1.0
FR7005,2.0,266.635,TQ-500EB00B056P,11X5,QFN,Full PPF,200.0,,1.0,1.0
FR7017,3.0,221.005,MQD415E875Z016C,8.75X4.15,QFN,Full PPF,270.0,,1.0,1.0
FR7021,3.0,295.9,MQD375E600Z016C,6X3.75,QFN,Full PPF,450.0,,1.0,1.0
FR8004,5.0,151.67,NQ-900E900B064U,9X9,QFN,Copper ,120.0,,11.0,10.0
FR8011,5.0,150.48,NQCA00EA00A088U,10X10,QFN,Copper ,120.0,,3.0,3.0
FR8021,3.0,151.98,NQC900E900B064B,9X9,QFN,Full PPF,120.0,,9.0,8.0
FR8022,3.0,151.98,NQ-900E900B064U,9X9,QFN,Full PPF,120.0,,9.0,8.0
FR8025,5.0,167.3,NQC700E700B048U,7X7,QFN,Copper ,240.0,,27.0,26.0
FR8026,5.0,151.67,NQ-900E900B064Z,9X9,QFN,Copper ,120.0,,11.0,10.0
FR8035,5.0,139.17,NQCA00EA001072U,10X10,SLP,Copper ,120.0,Full Cut,1.0,1.0
FR8038,1.0,235.02,NQC900E900A080B,9X9,QFN,Full PPF,120.0,,1.0,1.0
FR8042,3.0,168.25,MQ-A00MA00B072B,10X10,QFN,Full PPF,120.0,,4.0,4.0
FR8045,3.0,168.25,NQ-A00EA00B072B,10X10,QFN,Full PPF,120.0,,4.0,4.0
FR8047,3.0,168.25,NQ-A00EA00B072B,10X10,QFN,Full PPF,120.0,,4.0,4.0
FR8048,5.0,173.55,NQ-600E600B030U,6X6,QFN,Copper ,315.0,,18.0,15.0
FR8050,3.0,136.37,NQ-C00EC00B088U,12X12,QFN,Full PPF,75.0,,1.0,1.0
FR8053,5.0,171.62,NQ-C00EC00B088U,12X12,QFN,Copper ,75.0,,1.0,1.0
FR8054,3.0,165.16,MQC800E800B056A,8X8,QFN,Full PPF,175.0,,6.0,4.0
FR8058,3.0,168.05,NQCC00EC001108U,12X12,SLP,Copper ,75.0,Step Cut,1.0,1.0
FRA001,5.0,221.65,NQC400E400A032K,4X4,QFN,Copper ,700.0,,33.0,31.0
FRA004,5.0,267.89,TQ-300E300A020N,3X3,QFN,Copper ,1170.0,,33.0,31.0
FRA022,5.0,173.55,NQC600E600A048K,6X6,QFN,Copper ,315.0,,18.0,15.0
FRA023,5.0,158.9,NQC800E800A068K,8X8,QFN,Copper ,175.0,,6.0,6.0
FRA025,3.0,482.5,NQC500E500X032U,5X5,SFS,Copper ,440.0,,1.0,1.0
FRA027,3.0,269.33,TD-400E300B014A,3X4,QFN,Full PPF,910.0,,5.0,3.0
FRA028,3.0,400.99,TD-200E200B006A,2X2,QFN,Full PPF,2470.0,,16.0,16.0
FRA030,5.0,207.97,TQ-500E500B032A,5X5,QFN,Copper ,440.0,,32.0,32.0
FRA032,5.0,214.83,TQ-400E500B028K,4X5,QFN,Copper ,550.0,,3.0,3.0
FRA033,5.0,267.89,TD-300D300M012K,3X3,QFN,Copper ,1170.0,,33.0,31.0
FRA038,5.0,235.31,TD-500M300B016K,3X5,QFN,Copper ,715.0,,5.0,4.0
FRA039,5.0,227.33,TD-600D300B022K,6X3,QFN,Copper ,585.0,,3.0,3.0
FRA040,5.0,172.49,TD-700E400B024K,4X7,QFN,Copper ,400.0,,1.0,1.0
FRA042,5.0,360.56,NDC200S200B008K,2X2,QFN,Copper ,2470.0,,11.0,11.0
FRA043,5.0,267.89,NDC300M300B012K,3X3,QFN,Copper ,1170.0,,33.0,31.0
FRA044,5.0,267.89,NDC300S300B012K,3X3,QFN,Copper ,1170.0,,33.0,31.0
FRA056,5.0,314.67,TD-400D300B012A,4X3,QFN,Copper ,910.0,,1.0,1.0
FRA057,5.0,267.89,TD-300E300B008A,3X3,QFN,Copper ,1170.0,,33.0,31.0
FRA058,5.0,173.55,TQ-600E600B040K,6X6,QFN,Copper ,315.0,,18.0,15.0
FRA059,3.0,218.09,NQ-400E4001022K,4X4,SLP,Copper ,700.0,Step Cut,17.0,11.0
FRA064,5.0,218.27,TDC330E330C008U,3.3X3.3,QFN,Copper ,880.0,,3.0,3.0
FRA065,5.0,218.27,TDC330E330C008U,3.3X3.3,QFN,Copper ,880.0,,3.0,3.0
FRA066,2.0,209.045,NQ-400E5001022C,5X4,SLP,Copper ,550.0,Step Cut,1.0,1.0
FRA067,3.0,177.61,TQ-500E900A058K,5X9,QFN,Full PPF,240.0,,1.0,1.0
FRA068,5.0,235.31,TD-500D300B016K,3X5,QFN,Copper ,715.0,,5.0,4.0
FRA071,5.0,267.89,TQ-300E300B012K,3X3,QFN,Copper ,1170.0,,33.0,31.0
FRA076,3.0,171.27,TQ-700M7001048K,7X7,SLP,Copper ,240.0,Step Cut,15.0,14.0
FRA077,5.0,193.71,TQ-500E700B038K,5X7,QFN,Copper ,320.0,,2.0,2.0
FRA090,5.0,336.77,TQ-300E2001015N,3X2,SLP,Copper ,1690.0,Full Cut,1.0,1.0
FRA092,3.0,153.32,NQCA00EA001072U,10X10,SLP,Copper ,120.0,Step Cut,5.0,4.0
FRA100,3.0,223.72,TQ-300E4001017N,3X4,SLP,Copper ,910.0,Step Cut,3.0,3.0
FRA102,5.0,280.61,ND-300E3001008U,3X3,SLP,Copper ,1170.0,Full Cut,8.0,6.0
FRA105,5.0,239.71,NQC800M600C030K,8X6,QFN,Copper ,225.0,,2.0,2.0
FRA107,5.0,280.61,TQ-300E3001015W,3X3,SLP,Copper ,1170.0,Full Cut,8.0,6.0
FRA108,5.0,293.76,TQ-350E3751017W,3.5X3.75,SLP,Copper ,770.0,Full Cut,3.0,3.0
FRA109,5.0,293.76,TQ-350E3751017W,3.5X3.75,SLP,Copper ,770.0,Full Cut,3.0,3.0
FRA111,5.0,249.19,NDG300E220Z004K,3X2.2,QFN,Copper ,1530.0,,2.0,2.0
FRA112,2.0,228.5,NQ-900E9001064K,9X9,SLP,Copper ,120.0,,1.0,1.0
FRA117,5.0,175.5,,,NAN,,,,,
FRA118,3.0,171.27,TQC700E7001048K,7X7,SLP,Copper ,240.0,Step Cut,15.0,14.0
FRA123,3.0,248.01,TD-300E2001010K,2X3,SLP,Copper ,1710.0,Step Cut,4.0,4.0
FRA124,5.0,207.45,4Q-400E500W030U,4X5,QFN,Copper ,560.0,,4.0,4.0
FRA125,5.0,267.27,TQ-350E5001019W,3.5X5,SLP,Copper ,605.0,Full Cut,1.0,1.0
FRA126,5.0,227.45,TQ-575E4501023N,5.75X4.5,SLP,Copper ,420.0,Full Cut,1.0,1.0
FRA127,5.0,221.65,TQ-400E400Z018W,4X4,QFN,Copper ,700.0,,33.0,31.0
FRA128,5.0,191.94,NQ-600E6001052K,6X6,SLP,Copper ,315.0,Full Cut,7.0,7.0
FRA131,3.0,153.32,TQCA00MA001088U,10X10,SLP,Copper ,120.0,Step Cut,5.0,4.0
FRA132,3.0,153.32,TQCA00MA001072U,10X10,SLP,Copper ,120.0,Step Cut,5.0,4.0
FRA133,5.0,213.3,TQ-300E600B027N,3X6,QFN,Copper ,585.0,,2.0,2.0
FRA135,3.0,408.0,NQ-300E300X016U,3X3,SFS,Copper ,1170.0,,1.0,1.0
FRA136,5.0,167.3,TQ-700E700A056E,7X7,QFN,Copper ,240.0,,27.0,26.0
FRA138,5.0,151.67,TQ-900E900B064K,9X9,QFN,Copper ,120.0,,11.0,10.0
FRA142,3.0,218.09,MQC400S4001024K,4X4,SLP,Copper ,700.0,Step Cut,17.0,11.0
FRA143,3.0,163.57,NQC800E8001068K,8X8,SLP,Copper ,175.0,Step Cut,3.0,3.0
FRA146,5.0,267.89,TQ-300E300B016N,3X3,QFN,Copper ,1170.0,,33.0,31.0
FRA147,5.0,214.62,TQC700E7001048K,7X7,SLP,Copper ,240.0,Full Cut,3.0,3.0
FRA148,5.0,158.63,ND-500E6001008K,6X5,SLP,Copper ,385.0,Full Cut,1.0,1.0
FRA149,5.0,360.56,TQ-200E200M010N,2X2,QFN,Copper ,2470.0,,11.0,11.0
FRA150,3.0,217.06333333333336,MQD350E4501016N,4.5X3.5,SLP,Copper ,660.0,Step Cut,1.0,1.0
FRA151,5.0,374.76,NQ-200E3001012N,3X2,SLP,Copper ,1710.0,Full Cut,2.0,2.0
FRA154,5.0,221.65,NQC400S400B024K,4X4,QFN,Copper ,700.0,,33.0,31.0
FRA155,5.0,207.97,MQ-500S500B032K,5X5,QFN,Copper ,440.0,,32.0,32.0
FRA156,3.0,247.0,TQ-350E3751015W,3.5X3.75,SLP,Copper ,770.0,Step Cut,1.0,1.0
FRA157,5.0,151.67,TQ-900E900B064U,9X9,QFN,Copper ,120.0,,11.0,10.0
FRA159,0.0,247.035,NQ-400E3501014N,3.5X4,SLP,Copper ,770.0,Step Cut,1.0,1.0
FRA162,2.0,314.36,NQ-200E2001009C,2X2,SLP,Copper ,2470.0,Step Cut,4.0,4.0
FRA163,2.0,216.44,NQ-550E5001032N,5X5.5,SLP,Copper ,385.0,Step Cut,1.0,1.0
FRA164,0.0,303.5675,NQ-300E2001009N,3X2,SLP,Copper ,1690.0,Step Cut,1.0,1.0
FRA167,5.0,224.91,NQ-500E5001032K,5X5,SLP,Copper ,440.0,Full Cut,12.0,12.0
FRA168,5.0,224.91,NQ-500E5001032K,5X5,SLP,Copper ,440.0,Full Cut,12.0,12.0
FRA172,3.0,218.09,TQ-400E4001028K,4X4,SLP,Copper ,700.0,Step Cut,17.0,11.0
FRA182,5.0,266.14,TQ-350E6001021W,3.5X6,SLP,Copper ,495.0,Full Cut,1.0,1.0
FRA184,5.0,221.65,TQ-400E400A028N,4X4,QFN,Copper ,700.0,,33.0,31.0
FRA186,5.0,224.91,TQ-500E5001029N,5X5,SLP,Copper ,440.0,Full Cut,12.0,12.0
FRA198,5.0,224.91,NQC500E5001032E,5X5,SLP,Copper ,440.0,Full Cut,12.0,12.0
FRA200,5.0,214.86,NDC700M3501018K,3.5X7,SLP,Copper ,440.0,Full Cut,1.0,1.0
FRA201,3.0,225.14,NDC450E3001016K,3X4.5,SLP,Copper ,780.0,Step Cut,3.0,3.0
FRA202,5.0,207.97,NQC500E500B032K,5X5,QFN,Copper ,440.0,,32.0,32.0
FRA203,5.0,280.61,TQ-300E3001017W,3X3,SLP,Copper ,1170.0,Full Cut,8.0,6.0
FRA204,3.0,320.875,JQP350E4501011N,3.5X4.5,SLP,Selective PPF,660.0,Step Cut,1.0,1.0
FRA205,5.0,269.46,NQC400S4001020U,4X4,SLP,Copper ,700.0,Full Cut,10.0,10.0
FRA211,5.0,167.3,TQ-700E700B048K,7X7,QFN,Copper ,240.0,,27.0,26.0
FRA213,5.0,273.03,NQ-700E700X048U,7X7,SFS,Copper ,240.0,,1.0,1.0
FRA215,5.0,224.91,NQC500E5001028K,5X5,SLP,Copper ,440.0,Full Cut,12.0,12.0
FRA219,5.0,284.0,NDC200E2001006K,2X2,SLP,Copper ,2470.0,Full Cut,1.0,1.0
FRA225,5.0,528.22,TQC220E220B011K,2.2X2.2,QFN,Copper ,2040.0,,1.0,1.0
FRA226,5.0,269.46,NQ-400E4001024K,4X4,SLP,Copper ,700.0,Full Cut,10.0,10.0
FRA233,5.0,395.6,NQ-250E350Z012N,2.5X3.5,QFN,Copper ,1210.0,,1.0,1.0
FRF003,3.0,382.71,TD-330K330C008D,3.3X3.3,QFN,Full PPF,880.0,,1.0,1.0
FRF012,3.0,400.99,ND-200E200C006P,2X2,QFN,Full PPF,2470.0,,16.0,16.0
FRF025,2.0,241.68,TD-200E200E004D,2X2,QFN,Full PPF,2340.0,,1.0,1.0
FRV001,5.0,185.88,TQ-500E600U039W,5X6,QFN,Copper ,360.0,,8.0,8.0
FRV003,5.0,185.88,TQC500E600M039U,5X6,QFN,Copper ,360.0,,8.0,8.0
FRW005,2.0,425.52,2Q-160E2003010D,1.6X2,SLP,Full PPF,2990.0,,1.0,1.0
FRW006,2.0,266.67,NQ-300E400C016D,3X4,QFN,Full PPF,910.0,,1.0,1.0
FRW013,2.0,256.87,NQC900E9003064B,9X9,SLP,Full PPF,120.0,Step Cut,1.0,1.0
FRW015,1.0,725.3900000000001,CQ-160E1503008D,1.6X1.5,SLP,Full PPF,3910.0,,1.0,1.0
FRY001,5.0,185.88,TQ-500E600W039U,5X6,QFN,Copper ,360.0,,8.0,8.0
FU0001,3.0,309.32,UD-200E300B008D,3X2,QFN,Full PPF,1690.0,,5.0,4.0
FU0003,3.0,492.92,UQ-140E180A010D,1.8X1.4,QFN,Full PPF,3600.0,,2.0,2.0
FU0005,3.0,309.32,UD-200E300B008P,3X2,QFN,Full PPF,1690.0,,5.0,4.0
FU0014,3.0,400.99,UD-200E200B008P,2X2,QFN,Full PPF,2470.0,,16.0,16.0
FU0017,3.0,400.99,UD-200E200C006D,2X2,QFN,Full PPF,2470.0,,16.0,16.0
FU0019,3.0,418.24,UQ-180E260A016D,2.6X1.8,QFN,Full PPF,2100.0,,4.0,3.0
FU0024,3.0,420.6,UD-120E100A006D,1X1.2,QFN,Full PPF,6765.0,,1.0,1.0
FU0025,3.0,418.24,UQ-180E260A016D,2.6X1.8,QFN,Full PPF,2100.0,,4.0,3.0
FU0026,5.0,221.65,UQ-400D400A028A,4X4,QFN,Copper ,700.0,,33.0,31.0
FU0028,3.0,418.24,UQ-180E260A016P,2.6X1.8,QFN,Full PPF,2100.0,,4.0,3.0
FU0029,3.0,216.58,UQ-500E500B032D,5X5,QFN,Full PPF,440.0,,32.0,28.0
FU0032,3.0,549.2,UD-100E130B004D,1X1.3,QFN,Full PPF,6345.0,,1.0,1.0
FU0054,2.0,348.20000000000005,UQ-500E500A040A,5X5,QFN,Copper ,440.0,,1.0,1.0
FU0063,3.0,266.74,UD-650E250Z003P,2.5X6.5,QFN,Full PPF,675.0,,1.0,1.0
FU0073,3.0,265.91,UQ-180E320A020P,1.8X3.2,QFN,Full PPF,1700.0,,2.0,2.0
FU0074,3.0,453.13,UD-160E160B006P,1.6X1.6,QFN,Full PPF,3680.0,,2.0,2.0
FU0075,5.0,266.92,UD-280E250B008A,2.5X2.8,QFN,Copper ,1500.0,,1.0,1.0
FU0092,2.0,227.21,UQ-600E600C028A,6X6,QFN,Copper ,315.0,,4.0,4.0
FU0093,2.0,454.53,UD-200E300B008A,3X2,QFN,Copper ,1690.0,,2.0,2.0
FU0110,2.0,400.38,UD-300E300C008A,3X3,QFN,Copper ,1170.0,,5.0,4.0
FU0111,2.0,322.97,UQ-400E400C016A,4X4,QFN,Copper ,700.0,,6.0,5.0
FU0113,2.0,322.97,UQ-400E400B020A,4X4,QFN,Copper ,700.0,,6.0,5.0
FU0124,3.0,489.09,2D-350M135A016P,1.35X3.5,QFN,Full PPF,2035.0,,1.0,1.0
FU0126,3.0,294.47,UQ-300E300B016P,3X3,QFN,Full PPF,1170.0,,22.0,19.0
FU0131,3.0,294.47,UD-300E300B012A,3X3,QFN,Full PPF,1170.0,,22.0,19.0
FU0144,3.0,400.99,UD-200E200B008D,2X2,QFN,Full PPF,2470.0,,16.0,16.0
FU0148,3.0,808.83,UD-145E100B006D,1X1.45,QFN,Full PPF,5775.0,,1.0,1.0
FU0151,5.0,221.65,UQ-400E400A032A,4X4,QFN,Copper ,700.0,,33.0,31.0
FU0152,2.0,227.21,UQ-600E600C028A,6X6,QFN,Copper ,315.0,,4.0,4.0
FU0153,3.0,381.79,UQC250E250A016P,2.5X2.5,QFN,Full PPF,1650.0,,3.0,3.0
FU0160,3.0,458.39,EQ-130E180A010P,1.8X1.3,QFN,Full PPF,3915.0,,1.0,1.0
FU0161,3.0,385.35,UDC350E250B014D,2.5X3.5,QFN,Full PPF,1200.0,,1.0,1.0
FU0167,3.0,453.13,UD-160E160B006D,1.6X1.6,QFN,Full PPF,3680.0,,2.0,2.0
FU0168,3.0,439.71,EQ-150E150B008P,1.5X1.5,QFN,Full PPF,4080.0,,4.0,4.0
FU0174,0.0,772.995,UD-200E300B008A,3X2,QFN,Copper ,1690.0,,1.0,1.0
FU0184,3.0,492.92,UQ-140E180A010P,1.8X1.4,QFN,Full PPF,3600.0,,2.0,2.0
FU0185,4.0,338.765,XD-110E140B004A,1.4X1.1,QFN,Selective PPF,5250.0,,1.0,1.0
FU0186,3.0,318.81,UD-260E260B008D,2.6X2.6,QFN,Full PPF,1575.0,,1.0,1.0
FU0190,3.0,400.99,UD-200E200C006A,2X2,QFN,Full PPF,2470.0,,16.0,16.0
FU0207,2.0,212.29000000000002,UQ-400E400B024P,4X4,QFN,Full PPF,700.0,,1.0,1.0
FU0209,3.0,718.4,UD-110E070A006P,0.7X1.1,QFN,Full PPF,9460.0,,1.0,1.0
FU0212,3.0,284.69,XQ-450E285A032P,2.85X4.5,QFN,Full PPF,840.0,,1.0,1.0
FU0214,2.0,322.97,UQ-400E400A028A,4X4,QFN,Copper ,700.0,,6.0,5.0
FU0219,3.0,400.99,UD-200E200C006P,2X2,QFN,Full PPF,2470.0,,16.0,16.0
FU0227,3.0,217.96,XQ-405E450A038P,4.5X4.05,QFN,Full PPF,600.0,,1.0,1.0
FU0234,1.0,692.81,UD-200E3002008P,3X2,SLP,Full PPF,1690.0,,1.0,1.0
FU0242,3.0,216.58,IQC500E500A040P,5X5,QFN,Full PPF,440.0,,32.0,28.0
FU0245,3.0,283.83,XD-200E250B008D,2X2.5,QFN,Full PPF,1950.0,,1.0,1.0
FU0248,5.0,419.82,XD-150E150B006C,1.5X1.5,QFN,Copper ,4080.0,,1.0,1.0
FU0249,3.0,590.0,2D-150E135B006D,1.35X1.5,QFN,Full PPF,4420.0,,1.0,1.0
FU0251,3.0,438.0,2D-140E135A006D,1.35X1.4,QFN,Full PPF,4680.0,,1.0,1.0
FU0252,2.0,386.03499999999997,2D-220E135A010D,1.35X2.2,QFN,Full PPF,2990.0,,1.0,1.0
FU0256,0.0,612.58,XD-150E110B006C,1.5X1.1,QFN,Copper ,5270.0,,1.0,1.0
FU0264,3.0,532.62,IQ-250S300Z012D,2.5X3,QFN,Full PPF,1350.0,,1.0,1.0
FU0267,0.0,701.2050000000002,XD-150E120B006C,1.5X1.2,QFN,Copper ,4920.0,,1.0,1.0
FU0274,2.0,454.53,UD-200E300B008A,3X2,QFN,Copper ,1690.0,,2.0,2.0
FU0277,3.0,381.79,UQC250E250L024D,2.5X2.5,QFN,Full PPF,1650.0,,3.0,3.0
FU0295,2.0,227.21,UQ-600E600A048K,6X6,QFN,Copper ,315.0,,4.0,4.0
FU0301,5.0,334.89,XQ-125E210A012N,1.25X2.1,QFN,Copper ,3500.0,,1.0,1.0
FU0302,2.0,519.015,XQ-160E160A012N,1.6X1.6,QFN,Copper ,3680.0,,1.0,1.0
FU0303,5.0,220.33,XQ-260E260A016N,2.6X2.6,QFN,Copper ,1575.0,,1.0,1.0
FU0308,3.0,400.99,UD-200E200A010D,2X2,QFN,Full PPF,2470.0,,16.0,16.0
FU0316,3.0,506.59,XD-150E200B006D,1.5X2,QFN,Full PPF,3230.0,,1.0,1.0
FU0317,3.0,992.49,XD-110E110C004D,1.1X1.1,QFN,Full PPF,6820.0,,1.0,1.0
FU0318,3.0,595.42,XD-150E110B006N,1.5X1.1,QFN,Full PPF,5270.0,,1.0,1.0
FU0331,3.0,400.99,UQ-200E200A016N,2X2,QFN,Full PPF,2470.0,,16.0,16.0
FU0334,5.0,516.4,UQ-110E150A010N,1.1X1.5,QFN,Copper ,5270.0,,1.0,1.0
FU0338,5.0,803.78,UQ-110E110A009N,1.1X1.1,QFN,Copper ,6820.0,,1.0,1.0
FUF006,3.0,382.53,UQ-170E200A012P,2X1.7,QFN,Full PPF,2860.0,,1.0,1.0
FUF008,3.0,534.24,UD-145K100B006D,1X1.45,QFN,Full PPF,5440.0,,1.0,1.0
FUF012,3.0,388.54,UQ-160K210B010P,2.1X1.6,QFN,Full PPF,2640.0,,1.0,1.0
FUF015,3.0,418.24,UQ-180E260A016P,2.6X1.8,QFN,Full PPF,2100.0,,4.0,3.0
FW0007,3.0,151.98,SQ-900E900Z088P,9X9,QFN,Full PPF,120.0,,9.0,8.0
FW0009,3.0,151.98,SQ-900E900Z100D,9X9,QFN,Full PPF,120.0,,9.0,8.0
nan_sp,0.5,240.62,,,NAN,,,,,
