FRAME_STOCK,SPEED (IPS),TIME/STRIP,PACKAGE_CODE,Package size ,Package group,Lead frame type by frame stock ,Unit/strip,Lead frame,Process
F30044,5.0,290.59,XHC16E114006AAJ,1.6X1.4,GQFN,,3300.0,,
F30044,5.0,290.59,XHC16E114006AAN,1.6X1.4,GQFN,,3300.0,,
F70022,5.0,232.75,TQ-258E258B014C,2.58X2.58,QFN,Copper,1575.0,CU,
F70022,5.0,232.75,TQ-258E258B014N,2.58X2.58,QFN,Copper,1575.0,CU,
F70023,4.0,314.11,EQ-300E400Z021F,3X4,QFN,Selective PPF,910.0,PPF,
F70023,4.0,314.11,EQ-300E400Z021M,3X4,QFN,Selective PPF,910.0,PPF,
F70023,4.0,314.11,EQ-300E400Z021W,3X4,QFN,Selective PPF,910.0,PPF,
F70029,3.0,248.98,EQ-300E400Z021M,3X4,QFN,Selective PPF,910.0,Selective PPF,
F70034,3.0,498.65,EQ-200E300B014M,3X2,QFN,Selective PPF,1710.0,Selective PPF,
FA0133,3.0,168.86,NH-50E150024SAJ,5X5,GQFN,,440.0,,
FA0133,3.0,168.86,NH-50E150024SAN,5X5,GQFN,,440.0,,
FA0133,3.0,168.86,NHC50E150024SAN,5X5,GQFN,,440.0,,
FA0142,3.0,232.65,MH-40E140015DAJ,4X4,GQFN,,700.0,,
FA0142,3.0,232.65,MH-40E140015DAN,4X4,GQFN,,700.0,,
FA0142,3.0,232.65,MH-40E140020DAN,4X4,GQFN,,640.0,,
FA0180,3.0,150.73,HH-90E190064TAN,9X9,GQFN,,120.0,,
FA0180,3.0,150.73,HH-90S290064TAJ,9X9,GQFN,,120.0,,
FA0180,3.0,150.73,HH-90S290064TAN,9X9,GQFN,,120.0,,
FA0180,3.0,150.73,HH-90S290064TIN,9X9,GQFN,,120.0,,
FA0180,3.0,150.73,MH-90S290064BIN,9X9,GQFN,,120.0,,
FA0212,3.0,161.69,HHC50M260016TAJ,5X6,GQFN,,315.0,,
FA0212,3.0,161.69,HHC50M260016TAN,5X6,GQFN,,315.0,,
FN0059,3.0,274.1,UQ-170X200A012D,2X1.7,QFN,0,1596.0,0,
FN0059,3.0,274.1,UQ-170X200A012P,2X1.7,QFN,0,1596.0,0,
FN0115,3.0,207.8,UQ-180E320A020P,1.8X3.2,QFN,Full PPF,1700.0,Full PPF,
FN0115,3.0,207.8,UQ-180X320A020D,3.2X1.8,QFN,Full PPF,936.0,Full PPF,
FN0115,3.0,207.8,UQ-180X320A020P,3.2X1.8,QFN,Full PPF,936.0,Full PPF,
FR0022,5.0,220.82,NQ-300E3001016A,3X3,SLP,,1170.0,,Full Cut
FR0022,5.0,220.82,NQ-300E300B016A,3X3,QFN,Copper,1170.0,CU,
FR0022,5.0,220.82,NQ-300E300B016K,3X3,QFN,Copper,1170.0,CU,
FR0022,5.0,220.82,NQC300E3001016A,3X3,SLP,,1170.0,,Full Cut
FR0022,5.0,220.82,NQC300E300B016A,3X3,QFN,Copper,1170.0,CU,
FR0022,5.0,220.82,NQC300E300B016K,3X3,QFN,Copper,1170.0,CU,
FR0022,5.0,220.82,TQ-300E300B016A,3X3,QFN,Copper,1170.0,CU,
FR0022,5.0,220.82,TQC300E300B016A,3X3,QFN,Copper,1170.0,CU,
FR0035,5.0,214.74,NQ-600E600A048A,6X6,QFN,Copper,315.0,CU,
FR0035,5.0,214.74,NQ-600E600A048K,6X6,QFN,Copper,315.0,CU,
FR0035,5.0,214.74,NQ-600S600A048A,6X6,QFN,Copper,315.0,CU,
FR0035,5.0,214.74,TQ-600E600A048A,6X6,QFN,Copper,315.0,CU,
FR0044,5.0,164.22,NQ-500E5001032A,5X5,SLP,,440.0,,Full Cut
FR0044,5.0,164.22,NQ-500E500B032A,5X5,QFN,Copper,440.0,CU,
FR0044,5.0,164.22,NQ-500E500B032K,5X5,QFN,Copper,440.0,CU,
FR0044,5.0,164.22,NQ-500E500X032A,5X5,SFS,,440.0,,
FR0044,5.0,164.22,NQ-500E500X032K,5X5,SFS,,440.0,,
FR0044,5.0,164.22,NQ-500M500B032A,5X5,QFN,Copper,440.0,CU,
FR0044,5.0,164.22,NQC500E500B032A,5X5,QFN,Copper,440.0,CU,
FR0044,5.0,164.22,NQC500E500B032K,5X5,QFN,Copper,440.0,CU,
FR0044,5.0,164.22,TQ-500E500B032A,5X5,QFN,Copper,440.0,CU,
FR0044,5.0,164.22,TQ-500E500B032E,5X5,QFN,Copper,440.0,CU,
FR0044,5.0,164.22,TQ-500M500B032A,5X5,QFN,Copper,440.0,CU,
FR0044,5.0,164.22,TQ-500S500B032A,5X5,QFN,Copper,440.0,CU,
FR0044,5.0,164.22,TQC500E500B032A,5X5,QFN,Copper,440.0,CU,
FR0044,5.0,164.22,TQC500E500B032E,5X5,QFN,Copper,440.0,CU,
FR0044,5.0,164.22,TQC500E500B032K,5X5,QFN,Copper,440.0,CU,
FR0110,5.0,155.64,NQ-800E800B052A,8X8,QFN,0,175.0,CU,
FR0110,5.0,155.64,NQ-800E800B052K,8X8,QFN,0,175.0,CU,
FR0110,5.0,155.64,NQC800E800B052A,8X8,QFN,0,175.0,CU,
FR0147,5.0,196.07,NQ-700E700B048A,7X7,QFN,Copper,240.0,CU,
FR0147,5.0,196.07,NQ-700M700B048A,7X7,QFN,Copper,240.0,CU,
FR0147,5.0,196.07,NQC700E700B048K,7X7,QFN,Copper,240.0,CU,
FR0147,5.0,196.07,TQ-700E700B048A,7X7,QFN,Copper,240.0,CU,
FR0147,5.0,196.07,TQC700E700B048A,7X7,QFN,Copper,240.0,CU,
FR0153,5.0,149.33,NQ-700E700B048A,7X7,QFN,Copper,240.0,CU,
FR0153,5.0,149.33,NQ-700S700B048A,7X7,QFN,Copper,240.0,CU,
FR0153,5.0,149.33,NQC700E700B048A,7X7,QFN,Copper,240.0,CU,
FR0153,5.0,149.33,NQC700E700B048K,7X7,QFN,Copper,240.0,CU,
FR0158,5.0,160.76,NQ-900E900B064A,9X9,QFN,0,120.0,CU,
FR0158,5.0,160.76,NQ-900E900B064E,9X9,QFN,0,120.0,CU,
FR0158,5.0,160.76,NQC900E9001064A,9X9,SLP,,120.0,,Full Cut
FR0158,5.0,160.76,NQC900E900B064A,9X9,QFN,0,120.0,CU,
FR0158,5.0,160.76,TQ-900E900B064A,9X9,QFN,0,120.0,CU,
FR0158,5.0,160.76,TQ-900E900B064K,9X9,QFN,0,120.0,CU,
FR0158,5.0,160.76,TQ-900M900B064A,9X9,QFN,0,120.0,CU,
FR0158,5.0,160.76,TQC900M900B064K,9X9,QFN,0,120.0,CU,
FR0250,5.0,180.51,NQ-700E7001056A,7X7,SLP,,240.0,,Full Cut
FR0250,5.0,180.51,NQ-700E700A056A,7X7,QFN,Copper,240.0,CU,
FR0250,5.0,180.51,NQC700E7001056A,7X7,SLP,,240.0,,Full Cut
FR0250,5.0,180.51,NQC700E700A056A,7X7,QFN,Copper,240.0,CU,
FR0250,5.0,180.51,NQC700E700A056K,7X7,QFN,Copper,240.0,CU,
FR0250,5.0,180.51,TQ-700E700A056A,7X7,QFN,Copper,240.0,CU,
FR0306,5.0,261.59,NQ-400E400B024A,4X4,QFN,Copper,700.0,CU,
FR0306,5.0,261.59,NQ-400M400B024A,4X4,QFN,Copper,700.0,CU,
FR0306,5.0,261.59,NQ-400M400B024K,4X4,QFN,Copper,700.0,CU,
FR0306,5.0,261.59,NQ-400S400B024A,4X4,QFN,Copper,700.0,CU,
FR0306,5.0,261.59,NQC400E400B024A,4X4,QFN,Copper,700.0,CU,
FR0306,5.0,261.59,TQ-400E400B024A,4X4,QFN,Copper,700.0,CU,
FR0306,5.0,261.59,TQC400E400B024A,4X4,QFN,Copper,700.0,CU,
FR0306,5.0,261.59,TQC400E400B024K,4X4,QFN,Copper,700.0,CU,
FR0309,5.0,177.59,NQ-600E600B040A,6X6,QFN,Copper,315.0,CU,
FR0309,5.0,177.59,NQ-600E600B040K,6X6,QFN,Copper,315.0,CU,
FR0345,3.0,443.96,ND-200E300B008P,3X2,QFN,0,1690.0,0,
FR0345,3.0,443.96,TD-200E300B008A,3X2,QFN,0,1690.0,0,
FR0345,3.0,443.96,TD-200E300B008D,3X2,QFN,0,1690.0,0,
FR0345,3.0,443.96,TD-200E300B008P,3X2,QFN,0,1690.0,0,
FR0345,3.0,443.96,TD-200S300B008D,3X2,QFN,0,1690.0,0,
FR0345,3.0,443.96,TD-200S300B008P,3X2,QFN,0,1690.0,0,
FR0366,5.0,343.83,ND-200E200B008A,2X2,QFN,Copper,2470.0,CU,
FR0366,5.0,343.83,ND-200E200B008K,2X2,QFN,Copper,2470.0,CU,
FR0366,5.0,343.83,ND-200M200B008A,2X2,QFN,Copper,2470.0,CU,
FR0366,5.0,343.83,NDC200E200B008A,2X2,QFN,Copper,2470.0,CU,
FR0366,5.0,343.83,NDC200E200B008K,2X2,QFN,Copper,2470.0,CU,
FR0366,5.0,343.83,TDC200E200B008A,2X2,QFN,Copper,2470.0,CU,
FR0370,5.0,169.63,NQ-400E500B028A,5X4,QFN,0,550.0,CU,
FR0370,5.0,169.63,TQ-400E500B028A,5X4,QFN,0,550.0,CU,
FR0370,5.0,169.63,TQ-400E500B028K,4X5,QFN,0,550.0,CU,
FR0370,5.0,169.63,TQ-400S500B028A,5X4,QFN,0,550.0,CU,
FR0370,5.0,169.63,TQC400E500B028K,4X5,QFN,0,550.0,CU,
FR0383,5.0,128.27,TQ-900E900B064A,9X9,QFN,0,120.0,CU,
FR0383,5.0,128.27,TQ-900E900B064K,9X9,QFN,0,120.0,CU,
FR0383,5.0,128.27,TQ-900M900B064A,9X9,QFN,0,120.0,CU,
FR0383,5.0,128.27,TQ-900M900B064K,9X9,QFN,0,120.0,CU,
FR0437,5.0,201.15,TQ-500E700B038A,7X5,QFN,Copper,320.0,CU,
FR0437,5.0,201.15,TQ-500E700B038K,5X7,QFN,Copper,320.0,CU,
FR0437,5.0,201.15,TQ-500M700B038A,7X5,QFN,Copper,320.0,CU,
FR0437,5.0,201.15,TQC500E700B038A,7X5,QFN,Copper,320.0,CU,
FR0437,5.0,201.15,TQC500E700B038K,7X5,QFN,Copper,320.0,CU,
FR0445,5.0,148.59,NQ-600E600A048A,6X6,QFN,Copper,315.0,CU,
FR0445,5.0,148.59,NQ-600M600A048A,6X6,QFN,Copper,315.0,CU,
FR0445,5.0,148.59,NQC600E600A048A,6X6,QFN,Copper,315.0,CU,
FR0445,5.0,148.59,NQC600S600A048A,6X6,QFN,Copper,315.0,CU,
FR0445,5.0,148.59,NQC600S600A048K,6X6,QFN,Copper,315.0,CU,
FR0445,5.0,148.59,TQ-600E600A048A,6X6,QFN,Copper,315.0,CU,
FR0445,5.0,148.59,TQ-600S600A048A,6X6,QFN,Copper,315.0,CU,
FR0450,5.0,129.12,NQ-900E900B064A,9X9,QFN,0,120.0,CU,
FR0453,3.0,351.65,TD-250S200Z004D,2.5X2.2,QFN,0,1995.0,0,
FR0453,3.0,351.65,TD-250S200Z004P,2X2.5,QFN,0,1995.0,0,
FR0475,3.0,150.39,NQ-750E750A064P,7.5X7.5,QFN,0,175.0,0,
FR0475,3.0,150.39,TQ-750E750A064P,7.5X7.5,QFN,0,175.0,0,
FR0483,3.0,498.8,ND-150E150B006P,1.5X1.5,QFN,Full PPF,4080.0,Full PPF,
FR0483,3.0,498.8,TD-150E150B006P,1.5X1.5,QFN,Full PPF,4080.0,Full PPF,
FR0497,3.0,367.13,NQ-350E350Z015F,3.5X3.5,QFN,Selective PPF,880.0,Selective PPF,
FR0497,3.0,367.13,NQ-350E350Z015M,3.5X3.5,QFN,Selective PPF,880.0,Selective PPF,
FR0506,3.0,260.0,MQ-400E400A032A,4X4,QFN,Copper,700.0,Copper,
FR0506,3.0,260.0,MQ-400S400A032A,4X4,QFN,Copper,700.0,Copper,
FR0506,3.0,260.0,NQ-400E400A032A,4X4,QFN,Copper,700.0,Copper,
FR0506,3.0,260.0,NQC400E400A032A,4X4,QFN,Copper,700.0,Copper,
FR0506,3.0,260.0,NQC400E400A032K,4X4,QFN,Copper,700.0,Copper,
FR0506,3.0,260.0,TQ-400E400A032A,4X4,QFN,Copper,700.0,Copper,
FR0517,5.0,242.1,NQ-400E750B036A,7.5X4,QFN,Copper,350.0,CU,
FR0518,3.0,478.02,TD-200E200B008D,2X2,QFN,0,2470.0,0,
FR0518,3.0,478.02,TD-200E200B008P,2X2,QFN,0,2470.0,0,
FR0520,3.0,269.63,TQ-300E300B016D,3X3,QFN,Copper,1824.0,Copper,
FR0520,3.0,269.63,TQ-300E300B016P,3X3,QFN,Copper,1170.0,Copper,
FR0532,5.0,148.11,MQ-900E900B064A,9X9,QFN,Copper,120.0,CU,
FR0532,5.0,148.11,NQ-900E900B064A,9X9,QFN,Copper,120.0,CU,
FR0532,5.0,148.11,NQ-900E900B064K,9X9,QFN,Copper,120.0,CU,
FR0574,3.0,177.28,ND-500E600G008D,6X5,QFN,0,385.0,0,
FR0574,3.0,177.28,ND-500E600G008P,6X5,QFN,0,385.0,0,
FR0598,5.0,181.12,NDC600E800G008A,8X6,QFN,Copper,225.0,CU,
FR0598,5.0,181.12,TD-600E800G008A,8X6,QFN,Copper,225.0,CU,
FR0598,5.0,181.12,TDC600E800G008A,8X6,QFN,Copper,225.0,CU,
FR0598,5.0,181.12,TDC600E800G008K,8X6,QFN,Copper,225.0,CU,
FR0624,3.0,167.95,NQ-800E800B056D,8X8,QFN,0,175.0,0,
FR0624,3.0,167.95,NQ-800E800B056P,8X8,QFN,0,175.0,0,
FR0624,3.0,167.95,NQC800E800B056P,8X8,QFN,0,175.0,0,
FR0624,3.0,167.95,TQ-800E800B056P,8X8,QFN,0,175.0,0,
FR0643,5.0,167.93,NQ-500E5001032A,5X5,SLP,,440.0,,Full Cut
FR0643,5.0,167.93,NQ-500E500B032A,5X5,QFN,Copper,440.0,CU,
FR0643,5.0,167.93,NQ-500E500B032K,5X5,QFN,Copper,440.0,CU,
FR0643,5.0,167.93,NQ-500E500B032U,5X5,QFN,Copper,440.0,CU,
FR0643,5.0,167.93,NQ-500S500B032A,5X5,QFN,Copper,440.0,CU,
FR0643,5.0,167.93,NQ-500S500X032A,5X5,SFS,,440.0,,
FR0643,5.0,167.93,NQC500E5001032A,5X5,SLP,,440.0,,Full Cut
FR0643,5.0,167.93,NQC500E500B032A,5X5,QFN,Copper,440.0,CU,
FR0643,5.0,167.93,NQC500E500B032K,5X5,QFN,Copper,440.0,CU,
FR0643,5.0,167.93,NQC500E500B032U,5X5,QFN,Copper,440.0,CU,
FR0643,5.0,167.93,TQ-500E500B032A,5X5,QFN,Copper,440.0,CU,
FR0643,5.0,167.93,TQ-500E500X032A,5X5,SFS,,440.0,,
FR0643,5.0,167.93,TQ-500M500B032A,5X5,QFN,Copper,440.0,CU,
FR0643,5.0,167.93,TQC500E500B032A,5X5,QFN,Copper,440.0,CU,
FR0643,5.0,167.93,TQC500E500B032K,5X5,QFN,Copper,440.0,CU,
FR0695,3.0,331.12,ND-280E160D004A,1.6X2.8,QFN,Copper,2300.0,Copper,
FR0695,3.0,331.12,ND-280E160D004K,1.6X2.8,QFN,Copper,2300.0,Copper,
FR0695,3.0,331.12,ND-280Z160D004A,1.6X2.8,QFN,Copper,2300.0,Copper,
FR0695,3.0,331.12,NDC280E160D004K,1.6X2.8,QFN,Copper,2300.0,Copper,
FR0695,3.0,331.12,NDE280E160D004A,1.6X2.8,QFN,Copper,2300.0,Copper,
FR0695,3.0,331.12,NDE280E160D004K,1.6X2.8,QFN,Copper,2300.0,Copper,
FR0695,3.0,331.12,NDF280E160D004A,1.6X2.8,QFN,Copper,2300.0,Copper,
FR0695,3.0,331.12,NDF280E160D004K,1.6X2.8,QFN,Copper,2300.0,Copper,
FR0695,3.0,331.12,NDG280E160D004K,1.6X2.8,QFN,Copper,2300.0,Copper,
FR0736,3.0,134.05,MQC900S900B064D,9X9,QFN,Selective PPF,120.0,Selective PPF,
FR0736,3.0,134.05,NQ-900E900B064D,9X9,QFN,Selective PPF,120.0,Selective PPF,
FR0736,3.0,134.05,NQ-900E900B064P,9X9,QFN,Selective PPF,120.0,Selective PPF,
FR0736,3.0,134.05,NQC900E900B064D,9X9,QFN,Selective PPF,120.0,Selective PPF,
FR0736,3.0,134.05,NQC900E900B064P,9X9,QFN,Selective PPF,120.0,Selective PPF,
FR0736,3.0,134.05,TQC900E900B064P,9X9,QFN,Selective PPF,120.0,Selective PPF,
FR0737,3.0,330.55,TD-200E200C006D,2X2,QFN,Full PPF,2470.0,Full PPF,
FR0737,3.0,330.55,TD-200E200C006P,2X2,QFN,Full PPF,2470.0,Full PPF,
FR0737,3.0,330.55,TDC200E200C006D,2X2,QFN,Full PPF,2470.0,Full PPF,
FR0737,3.0,330.55,TDC200E200C006P,2X2,QFN,Full PPF,2470.0,Full PPF,
FR0738,3.0,167.01,NQ-700E700B048D,7X7,QFN,Full PPF,240.0,Full PPF,
FR0738,3.0,167.01,NQ-700E700B048P,7X7,QFN,Full PPF,240.0,Full PPF,
FR0738,3.0,167.01,NQ-700M700B048D,7X7,QFN,Full PPF,240.0,Full PPF,
FR0738,3.0,167.01,NQ-700M700B048P,7X7,QFN,Full PPF,240.0,Full PPF,
FR0738,3.0,167.01,NQC700E700B048B,7X7,QFN,Full PPF,240.0,Full PPF,
FR0738,3.0,167.01,NQC700E700B048D,7X7,QFN,Full PPF,240.0,Full PPF,
FR0738,3.0,167.01,NQC700E700B048P,7X7,QFN,Full PPF,240.0,Full PPF,
FR0738,3.0,167.01,TQC700E700B048P,7X7,QFN,Full PPF,240.0,Full PPF,
FR0752,1.0,458.35,TD-200E200M008A,2X2,QFN,0,2470.0,0,
FR0752,1.0,458.35,TD-200E200M008K,2X2,QFN,0,2470.0,0,
FR0752,1.0,458.35,TD-200E200M008P,2X2,QFN,0,2470.0,0,
FR0773,5.0,233.0,ND-400E3001012A,3X4,SLP,,910.0,,Full Cut
FR0773,5.0,233.0,ND-400E300B012A,3X4,QFN,Copper,910.0,CU,
FR0773,5.0,233.0,NDC400E3001012A,3X4,SLP,,910.0,,Full Cut
FR0773,5.0,233.0,NDC400E3001012K,3X4,SLP,,910.0,,Full Cut
FR0773,5.0,233.0,NDC400E300B012A,3X4,QFN,Copper,910.0,CU,
FR0773,5.0,233.0,NDC400E300B012K,3X4,QFN,Copper,910.0,CU,
FR0784,3.0,255.39,MQ-300S300B016P,3X3,QFN,Full PPF,1170.0,Full PPF,
FR0784,3.0,255.39,MQC300S300B016P,3X3,QFN,Full PPF,1170.0,Full PPF,
FR0784,3.0,255.39,NQ-300E300B016D,3X3,QFN,Full PPF,1170.0,Full PPF,
FR0784,3.0,255.39,NQ-300E300B016P,3X3,QFN,Full PPF,1170.0,Full PPF,
FR0784,3.0,255.39,NQC300E300B016D,3X3,QFN,Full PPF,1170.0,Full PPF,
FR0784,3.0,255.39,NQC300E300B016P,3X3,QFN,Full PPF,1170.0,Full PPF,
FR0784,3.0,255.39,TQ-300E300B016D,3X3,QFN,Full PPF,1824.0,Full PPF,
FR0784,3.0,255.39,TQ-300E300B016P,3X3,QFN,Full PPF,1170.0,Full PPF,
FR0784,3.0,255.39,TQC300E300B016D,3X3,QFN,Full PPF,1170.0,Full PPF,
FR0784,3.0,255.39,TQC300E300B016P,3X3,QFN,Full PPF,1170.0,Full PPF,
FR0785,5.0,218.11,MQ-400E4001024A,4X4,SLP,,700.0,,Full Cut
FR0785,5.0,218.11,MQ-400E4001024K,4X4,SLP,,700.0,,Full Cut
FR0785,5.0,218.11,NQ-400E4001024A,4X4,SLP,,700.0,,Full Cut
FR0785,5.0,218.11,NQ-400E4001024K,4X4,SLP,,700.0,,Full Cut
FR0785,5.0,218.11,NQ-400E400B024A,4X4,QFN,Copper,700.0,CU,
FR0785,5.0,218.11,NQ-400E400X024A,4X4,SFS,,700.0,,
FR0785,5.0,218.11,NQ-400E400X024K,4X4,SFS,,700.0,,
FR0785,5.0,218.11,NQC400E4001024A,4X4,SLP,,700.0,,Full Cut
FR0806,5.0,130.31,NQ-900E900B064A,9X9,QFN,0,120.0,CU,
FR0806,5.0,130.31,NQ-900E900B064K,9X9,QFN,0,120.0,CU,
FR0806,5.0,130.31,NQC900E900B064A,9X9,QFN,0,120.0,CU,
FR0806,5.0,130.31,NQC900E900B064K,9X9,QFN,0,120.0,CU,
FR0814,5.0,417.67,TD-200E200B008C,2X2,QFN,Copper,2470.0,CU,
FR0860,5.0,219.45,NQ-500E500B032A,5X5,QFN,Copper,440.0,CU,
FR0860,5.0,219.45,TQ-500E500B032A,5X5,QFN,Copper,440.0,CU,
FR0860,5.0,219.45,TQ-500E500X032A,5X5,SFS,,440.0,,
FR0888,3.0,199.05,NQ-500E500B032D,5X5,QFN,Full PPF,440.0,Full PPF,
FR0888,3.0,199.05,NQ-500E500B032P,5X5,QFN,Full PPF,440.0,Full PPF,
FR0888,3.0,199.05,NQC500E500B032D,5X5,QFN,Full PPF,440.0,Full PPF,
FR0888,3.0,199.05,NQC500E500B032P,5X5,QFN,Full PPF,440.0,Full PPF,
FR0898,3.0,240.16,NQ-500E500B028D,5X5,QFN,Full PPF,440.0,Full PPF,
FR0898,3.0,240.16,NQ-500E500B028P,5X5,QFN,Full PPF,440.0,Full PPF,
FR0898,3.0,240.16,NQC500E500B028P,5X5,QFN,Full PPF,440.0,Full PPF,
FR0928,3.0,175.17,NQC500E500A040D,5X5,QFN,0,440.0,0,
FR0928,3.0,175.17,NQC500E500A040P,5X5,QFN,0,440.0,0,
FR0928,3.0,175.17,TQ-500E500A040D,5X5,QFN,0,440.0,0,
FR0928,3.0,175.17,TQ-500E500A040P,5X5,QFN,0,440.0,0,
FR0928,3.0,175.17,TQC500E500A040P,5X5,QFN,0,440.0,0,
FR0928,3.0,175.17,TQW500E500A040P,5X5,QFN,0,440.0,0,
FR0929,3.0,171.86,MQ-600M600B040B,6X6,QFN,Full PPF,315.0,Full PPF,
FR0929,3.0,171.86,NQ-600E600B040D,6X6,QFN,Full PPF,315.0,Full PPF,
FR0929,3.0,171.86,NQ-600E600B040P,6X6,QFN,Full PPF,315.0,Full PPF,
FR0929,3.0,171.86,NQC600E600B040D,6X6,QFN,Full PPF,315.0,Full PPF,
FR0929,3.0,171.86,NQC600E600B040P,6X6,QFN,Full PPF,315.0,Full PPF,
FR0929,3.0,171.86,NQW600E600B040D,6X6,QFN,Full PPF,315.0,Full PPF,
FR0929,3.0,171.86,NQW600E600B040P,6X6,QFN,Full PPF,315.0,Full PPF,
FR0930,3.0,165.78,NQ-900E900B064D,9X9,QFN,Full PPF,120.0,Full PPF,
FR0930,3.0,165.78,NQ-900E900B064P,9X9,QFN,Full PPF,120.0,Full PPF,
FR0930,3.0,165.78,NQ-900S900B064P,9X9,QFN,Full PPF,120.0,Full PPF,
FR0930,3.0,165.78,NQC900E900B064D,9X9,QFN,Full PPF,120.0,Full PPF,
FR0930,3.0,165.78,NQC900E900B064P,9X9,QFN,Full PPF,120.0,Full PPF,
FR0930,3.0,165.78,NQW900E900B064D,9X9,QFN,Full PPF,120.0,Full PPF,
FR0930,3.0,165.78,NQW900E900B064P,9X9,QFN,Full PPF,120.0,Full PPF,
FR0958,3.0,225.9,NQ-400E400B020D,4X4,QFN,0,700.0,0,
FR0958,3.0,225.9,NQ-400E400B020P,4X4,QFN,0,700.0,0,
FR0958,3.0,225.9,NQC400E400B020D,4X4,QFN,0,700.0,0,
FR0969,5.0,153.4,MQC700E700B048A,7X7,QFN,Copper,240.0,CU,
FR0969,5.0,153.4,NQ-700E700B048A,7X7,QFN,Copper,240.0,CU,
FR0969,5.0,153.4,NQ-700E700B048K,7X7,QFN,Copper,240.0,CU,
FR0969,5.0,153.4,NQC700E700B048A,7X7,QFN,Copper,240.0,CU,
FR0969,5.0,153.4,NQC700E700B048K,7X7,QFN,Copper,240.0,CU,
FR0969,5.0,153.4,TQ-700E7001048A,7X7,SLP,,240.0,,Full Cut
FR0969,5.0,153.4,TQ-700E700B048A,7X7,QFN,Copper,240.0,CU,
FR0969,5.0,153.4,TQ-700E700B048K,7X7,QFN,Copper,240.0,CU,
FR0969,5.0,153.4,TQC700E700B048K,7X7,QFN,Copper,240.0,CU,
FR0986,3.0,177.41,MQD415E600Z015C,6X4.15,QFN,0,405.0,0,
FR0986,3.0,177.41,MQD415E600Z015N,6X4.15,QFN,0,405.0,0,
FR0987,3.0,125.56,MQ-A00EA00B072D,10X10,QFN,0,120.0,0,
FR0987,3.0,125.56,MQ-A00EA00B072P,10X10,QFN,0,120.0,0,
FR0987,3.0,125.56,MQ-A00MA00B072D,10X10,QFN,0,120.0,0,
FR0987,3.0,125.56,MQ-A00MA00B072P,10X10,QFN,0,120.0,0,
FR0987,3.0,125.56,NQ-A00EA00B072P,10X10,QFN,0,120.0,0,
FR0987,3.0,125.56,NQ-A00MA00B072P,10X10,QFN,0,120.0,0,
FR0987,3.0,125.56,NQCA00EA00B072P,10X10,QFN,0,120.0,0,
FR0989,5.0,143.37,NQ-700E7001048A,7X7,SLP,,240.0,,Full Cut
FR0989,5.0,143.37,NQ-700E7001048K,7X7,SLP,,240.0,,Full Cut
FR0989,5.0,143.37,NQ-700E700B048A,7X7,QFN,Copper,240.0,CU,
FR0989,5.0,143.37,NQC700E7001048A,7X7,SLP,,240.0,,Full Cut
FR0989,5.0,143.37,NQC700E7001048K,7X7,SLP,,240.0,,Full Cut
FR0989,5.0,143.37,TQ-700E700B048A,7X7,QFN,Copper,240.0,CU,
FR1010,5.0,295.87,ND-200E300B008A,3X2,QFN,Copper,1690.0,CU,
FR1010,5.0,295.87,ND-200E300B008K,3X2,QFN,Copper,1690.0,CU,
FR1010,5.0,295.87,NDC200E300B008A,3X2,QFN,Copper,1690.0,CU,
FR1027,3.0,505.64,TD-150E150B006P,1.5X1.5,QFN,Full PPF,4080.0,Full PPF,
FR1027,3.0,505.64,TDC150E150B006D,1.5X1.5,QFN,Full PPF,4080.0,Full PPF,
FR1027,3.0,505.64,TDC150E150B006P,1.5X1.5,QFN,Full PPF,4080.0,Full PPF,
FR1056,5.0,298.23,ND-200E200B008A,2X2,QFN,Copper,2470.0,CU,
FR1056,5.0,298.23,NDC200E200B008A,2X2,QFN,Copper,2470.0,CU,
FR1056,5.0,298.23,NDC200E200B008K,2X2,QFN,Copper,2470.0,CU,
FR1082,5.0,135.06,MQC700E700B048A,7X7,QFN,Copper,240.0,CU,
FR1082,5.0,135.06,NQ-700E700B048A,7X7,QFN,Copper,240.0,CU,
FR1082,5.0,135.06,NQ-700E700X048A,7X7,SFS,,240.0,,
FR1082,5.0,135.06,NQC700E700B048A,7X7,QFN,Copper,240.0,CU,
FR1082,5.0,135.06,NQC700E700B048K,7X7,QFN,Copper,240.0,CU,
FR1086,5.0,322.68,NQ-700Z700A056T,7X7,QFN,Copper,0.0,CU,
FR1086,5.0,322.68,NQ-700Z700Z056T,7X7,QFN,Copper,0.0,CU,
FR1086,5.0,322.68,NQ-700Z700Z088T,7X7,QFN,Copper,0.0,CU,
FR1086,5.0,322.68,NQ-800Z800Z100T,8X8,QFN,Copper,0.0,CU,
FR1086,5.0,322.68,TD-200E2001008A,2X2,SLP,,2470.0,,Full Cut
FR1086,5.0,322.68,TD-200E2001008K,2X2,SLP,,2470.0,,Full Cut
FR1086,5.0,322.68,TD-200E200B008A,2X2,QFN,Copper,2470.0,CU,
FR1086,5.0,322.68,TD-200E200B008K,2X2,QFN,Copper,2470.0,CU,
FR1086,5.0,322.68,TDC200E2001008A,2X2,SLP,,2470.0,,Full Cut
FR1086,5.0,322.68,TDC200E2001008K,2X2,SLP,,2470.0,,Full Cut
FR1086,5.0,322.68,ZB-G0-1G0361BFT,16X16,BGA,,1.0,,
FR1120,5.0,204.23,ND-350E430C008A,4.3X3.5,QFN,0,720.0,CU,
FR1125,5.0,203.1,TQ-400E4001016A,4X4,SLP,,700.0,,Full Cut
FR1128,5.0,206.59,NQ-500E500A040A,5X5,QFN,0,440.0,CU,
FR1128,5.0,206.59,NQC500E500A040A,5X5,QFN,0,440.0,CU,
FR1134,3.0,204.21,NQ-500E500B032P,5X5,QFN,0,440.0,0,
FR1134,3.0,204.21,NQ-500S500B032P,5X5,QFN,0,440.0,0,
FR1134,3.0,204.21,NQC500E500B032D,5X5,QFN,0,440.0,0,
FR1134,3.0,204.21,NQC500E500B032P,5X5,QFN,0,440.0,0,
FR1134,3.0,204.21,TQ-500M500B032P,5X5,QFN,0,440.0,0,
FR1134,3.0,204.21,TQC500M500B032P,5X5,QFN,0,440.0,0,
FR1138,5.0,253.71,TQ-300E3001012C,3X3,SLP,,1170.0,,Full Cut
FR1138,5.0,253.71,TQ-300E3001012N,3X3,SLP,,1170.0,,Full Cut
FR1141,5.0,248.98,NQ-400E4001024A,4X4,SLP,,700.0,,Full Cut
FR1141,5.0,248.98,NQ-400E400B024A,4X4,QFN,Copper,700.0,CU,
FR1141,5.0,248.98,NQC400E4001024A,4X4,SLP,,700.0,,Full Cut
FR1141,5.0,248.98,NQC400E400B024A,4X4,QFN,Copper,700.0,CU,
FR1141,5.0,248.98,TQ-400E4001024A,4X4,SLP,,700.0,,Full Cut
FR1141,5.0,248.98,TQ-400E400B024A,4X4,QFN,Copper,700.0,CU,
FR1141,5.0,248.98,TQC400E4001024A,4X4,SLP,,700.0,,Full Cut
FR1144,5.0,163.62,NQC700E7001048A,7X7,SLP,,240.0,,Full Cut
FR1144,5.0,163.62,NQC700E7001048K,7X7,SLP,,240.0,,Full Cut
FR1144,5.0,163.62,TQ-700E700B048A,7X7,QFN,Copper,240.0,CU,
FR1144,5.0,163.62,TQC700E700B048A,7X7,QFN,Copper,240.0,CU,
FR1152,5.0,182.11,NQ-500E5001032A,5X5,SLP,,440.0,,Full Cut
FR1152,5.0,182.11,NQ-500E5001032K,5X5,SLP,,440.0,,Full Cut
FR1152,5.0,182.11,NQC500E5001032A,5X5,SLP,,440.0,,Full Cut
FR1152,5.0,182.11,NQC500E5001032K,5X5,SLP,,440.0,,Full Cut
FR1162,5.0,247.42,NQ-400E4001024A,4X4,SLP,,700.0,,Full Cut
FR1162,5.0,247.42,NQO400E4001024A,4X4,SLP,,700.0,,Full Cut
FR1162,5.0,247.42,TQ-400E4001024A,4X4,SLP,,700.0,,Full Cut
FR1162,5.0,247.42,TQ-400E4001024K,4X4,SLP,,700.0,,Full Cut
FR1162,5.0,247.42,TQ-400E400B024A,4X4,QFN,Copper,700.0,CU,
FR1162,5.0,247.42,TQC400E4001024A,4X4,SLP,,700.0,,Full Cut
FR1162,5.0,247.42,TQC400E4001024K,4X4,SLP,,700.0,,Full Cut
FR1168,5.0,164.35,NQ-700E7001048A,7X7,SLP,,240.0,,Full Cut
FR1168,5.0,164.35,NQC700M7001048A,7X7,SLP,,240.0,,Full Cut
FR1168,5.0,164.35,NQC700M7001048K,7X7,SLP,,240.0,,Full Cut
FR1182,5.0,436.55,TD-200E2001006A,2X2,SLP,,2470.0,,Full Cut
FR1182,5.0,436.55,TD-200E200C006A,2X2,QFN,Copper,2470.0,CU,
FR1182,5.0,436.55,TD-200E200C006K,2X2,QFN,Copper,2470.0,CU,
FR1182,5.0,436.55,TD-200E200X006A,2X2,SFS,,2470.0,,
FR1182,5.0,436.55,TD-200E200X006K,2X2,SFS,,2470.0,,
FR1182,5.0,436.55,TDC200E200C006K,2X2,QFN,Copper,2470.0,CU,
FR1192,5.0,194.63,NQ-500E5001024A,5X5,SLP,,440.0,,Full Cut
FR1192,5.0,194.63,NQ-500E5001024K,5X5,SLP,,440.0,,Full Cut
FR1192,5.0,194.63,NQ-500E500C024A,5X5,QFN,Copper,440.0,CU,
FR1192,5.0,194.63,NQ-500E500C024K,5X5,QFN,Copper,440.0,CU,
FR1192,5.0,194.63,NQC500E5001024K,5X5,SLP,,440.0,,Full Cut
FR1192,5.0,194.63,NQC500E5001024U,5X5,SLP,,440.0,,Full Cut
FR1194,3.0,208.18,MQ-500D500B032P,5X5,QFN,0,440.0,0,
FR1194,3.0,208.18,MQC500D500B032P,5X5,QFN,0,440.0,0,
FR1194,3.0,208.18,NQ-500E500B032B,5X5,QFN,0,440.0,0,
FR1194,3.0,208.18,NQ-500E500B032P,5X5,QFN,0,440.0,0,
FR1194,3.0,208.18,NQC500D500B032P,5X5,QFN,0,440.0,0,
FR1194,3.0,208.18,NQC500E500B032P,5X5,QFN,0,440.0,0,
FR1194,3.0,208.18,NQC500M500B032D,5X5,QFN,0,440.0,0,
FR1194,3.0,208.18,NQC500M500B032P,5X5,QFN,0,440.0,0,
FR1203,5.0,316.45,TD-300E200B010A,2X3,QFN,Copper,1710.0,CU,
FR1203,5.0,316.45,TD-300E200B010K,2X3,QFN,Copper,1710.0,CU,
FR1212,5.0,211.39,NQ-350E4501020A,4.5X3.5,SLP,,720.0,,Full Cut
FR1212,5.0,211.39,NQ-350M4501020A,4.5X3.5,SLP,,720.0,,Full Cut
FR1212,5.0,211.39,NQC350E4501020A,4.5X3.5,SLP,,720.0,,Full Cut
FR1212,5.0,211.39,NQC350E4501020K,4.5X3.5,SLP,,720.0,,Full Cut
FR1224,5.0,233.21,TQC400E400B024A,4X4,QFN,Copper,700.0,CU,
FR1224,5.0,233.21,TQC400E400B024K,4X4,QFN,Copper,700.0,CU,
FR1230,3.0,296.37,TD-300M200B010P,2X3,QFN,0,1170.0,0,
FR1230,3.0,296.37,TDC300M200B010D,2X3,QFN,0,1710.0,0,
FR1230,3.0,296.37,TDC300M200B010P,2X3,QFN,0,1710.0,0,
FR1234,3.0,243.43,NQ-400E450B026F,4.5X4,QFN,Selective PPF,600.0,Selective PPF,
FR1234,3.0,243.43,NQ-400E450B026M,4.5X4,QFN,Selective PPF,600.0,Selective PPF,
FR1252,5.0,611.35,TD-200E2001008A,2X2,SLP,,2470.0,,Full Cut
FR1252,5.0,611.35,TD-200E2001008K,2X2,SLP,,2470.0,,Full Cut
FR1252,5.0,611.35,TD-200E200B008A,2X2,QFN,Copper,2470.0,CU,
FR1252,5.0,611.35,TDC200E2001008K,2X2,SLP,,2470.0,,Full Cut
FR1252,5.0,611.35,TDC200E200B008K,2X2,QFN,Copper,2470.0,CU,
FR1252,5.0,611.35,TDC200E200B008U,2X2,QFN,Copper,2470.0,CU,
FR1255,5.0,207.4,ND-400E400D010A,4X4,QFN,Copper,700.0,CU,
FR1255,5.0,207.4,ND-400E400D010K,4X4,QFN,Copper,700.0,CU,
FR1263,5.0,176.1,NQ-700E7001048A,7X7,SLP,,240.0,,Full Cut
FR1263,5.0,176.1,NQC700E7001048A,7X7,SLP,,240.0,,Full Cut
FR1263,5.0,176.1,NQC700E7001048K,7X7,SLP,,240.0,,Full Cut
FR1263,5.0,176.1,NQC700E7001048U,7X7,SLP,,240.0,,Full Cut
FR1263,5.0,176.1,TQ-700E7001048A,7X7,SLP,,240.0,,Full Cut
FR1297,5.0,119.18,ND-300E3001010A,3X3,SLP,,1170.0,,Full Cut
FR1297,5.0,119.18,ND-300E3001010K,3X3,SLP,,1170.0,,Full Cut
FR1297,5.0,119.18,NDC300E3001010A,3X3,SLP,,1170.0,,Full Cut
FR1297,5.0,119.18,NDC300E3001010K,3X3,SLP,,1170.0,,Full Cut
FR1324,5.0,190.45,TQ-400E4001016A,4X4,SLP,,700.0,,Full Cut
FR1324,5.0,190.45,TQ-400E4001016K,4X4,SLP,,700.0,,Full Cut
FR1324,5.0,190.45,TQ-400E400C016A,4X4,QFN,Copper,700.0,CU,
FR1324,5.0,190.45,TQ-400E400C016K,4X4,QFN,Copper,700.0,CU,
FR1327,5.0,166.8,NQ-700E7001048A,7X7,SLP,,240.0,,Full Cut
FR1327,5.0,166.8,NQ-700E7001048K,7X7,SLP,,240.0,,Full Cut
FR1327,5.0,166.8,NQC700E7001048A,7X7,SLP,,240.0,,Full Cut
FR1327,5.0,166.8,NQC700E7001048K,7X7,SLP,,240.0,,Full Cut
FR1327,5.0,166.8,NQC700M7001048A,7X7,SLP,,240.0,,Full Cut
FR1327,5.0,166.8,NQC700M700B048A,7X7,QFN,Copper,240.0,CU,
FR1327,5.0,166.8,NQO700E7001048A,7X7,SLP,,240.0,,Full Cut
FR1390,5.0,299.26,ND-200E2201006A,2.2X2,SLP,,2210.0,,Full Cut
FR1390,5.0,299.26,ND-200E220C006A,2.2X2,QFN,Copper,2210.0,CU,
FR1392,5.0,311.33,TD-200E2001006A,2X2,SLP,,2470.0,,Full Cut
FR1392,5.0,311.33,TD-200E2001006K,2X2,SLP,,2470.0,,Full Cut
FR1406,5.0,344.86,ND-300E3001010A,3X3,SLP,,1170.0,,Full Cut
FR1406,5.0,344.86,ND-300E3001010K,3X3,SLP,,1170.0,,Full Cut
FR1406,5.0,344.86,NQ-300E3001010A,3X3,SLP,,1170.0,,Full Cut
FR1414,5.0,135.51,TD-300D2001012A,2X3,SLP,,1710.0,,Full Cut
FR1414,5.0,135.51,TD-300E2001012A,2X3,SLP,,1710.0,,Full Cut
FR1414,5.0,135.51,TD-300E2001012K,2X3,SLP,,1710.0,,Full Cut
FR1414,5.0,135.51,TDC300E2001012A,2X3,SLP,,1710.0,,Full Cut
FR1414,5.0,135.51,TDC300E2001012K,2X3,SLP,,1710.0,,Full Cut
FR1449,5.0,296.42,TD-300E3001010A,3X3,SLP,,1170.0,,Full Cut
FR1449,5.0,296.42,TD-300E3001010K,3X3,SLP,,1170.0,,Full Cut
FR1451,5.0,207.6,TQ-250E450A030A,4.5X2.5,QFN,Copper,900.0,CU,
FR1451,5.0,207.6,TQC250E450A030A,4.5X2.5,QFN,Copper,900.0,CU,
FR1456,5.0,168.91,NQP400E3501014C,3.5X4,SLP,,770.0,,Full Cut
FR1456,5.0,168.91,NQP400E3501014N,3.5X4,SLP,,770.0,,Full Cut
FR1464,5.0,190.09,NQ-400E4001020A,4X4,SLP,,700.0,,Full Cut
FR1518,3.0,410.03,TD-200E200C006A,2X2,QFN,Copper,2470.0,Copper,
FR1518,3.0,410.03,TD-200E200C006K,2X2,QFN,Copper,2470.0,Copper,
FR1579,4.0,220.55,4QC400M500U025B,5X4,QFN,Selective PPF,560.0,PPF,
FR1579,4.0,220.55,4QC400M500U025U,5X4,QFN,Selective PPF,560.0,PPF,
FR1637,5.0,128.58,TQ-900E900B064E,9X9,QFN,Copper,120.0,CU,
FR1637,5.0,128.58,TQ-900E900B064U,9X9,QFN,Copper,120.0,CU,
FR1637,5.0,128.58,TQC900E900B064A,9X9,QFN,Copper,120.0,CU,
FR1637,5.0,128.58,TQC900E900B064U,9X9,QFN,Copper,120.0,CU,
FR1637,5.0,128.58,TQC900M900B064U,9X9,QFN,Copper,120.0,CU,
FR1653,5.0,221.22,TDC400E300B014A,3X4,QFN,Copper,910.0,CU,
FR1653,5.0,221.22,TDC400E300B014K,3X4,QFN,Copper,910.0,CU,
FR1683,5.0,223.15,NQ-600E600A052K,6X6,QFN,Copper,315.0,CU,
FR1683,5.0,223.15,NQC600E600A052A,6X6,QFN,Copper,315.0,CU,
FR1683,5.0,223.15,NQC600E600A052K,6X6,QFN,Copper,315.0,CU,
FR1745,5.0,186.78,TQZ500M600U039U,5X6,QFN,0,360.0,CU,
FR1745,5.0,186.78,TQZ500M600U039W,5X6,QFN,0,360.0,CU,
FR1747,5.0,163.5,NQC700E700A056K,7X7,QFN,0,240.0,CU,
FR1752,5.0,150.34,TQC600M600U048U,6X6,QFN,0,315.0,CU,
FR1771,5.0,280.12,TD-300E300B010A,3X3,QFN,0,1170.0,CU,
FR1771,5.0,280.12,TD-300E300B010K,3X3,QFN,0,1170.0,CU,
FR1771,5.0,280.12,TDC300E300B010K,3X3,QFN,0,1170.0,CU,
FR1795,3.0,283.95,MDC300E300B012D,3X3,QFN,0,1170.0,0,
FR1819,5.0,167.1,4Q-400M600S034U,6X4,QFN,0,450.0,CU,
FR1819,5.0,167.1,4Q-400M600U034U,6X4,QFN,0,450.0,CU,
FR1819,5.0,167.1,4QC400M600U034U,6X4,QFN,0,450.0,CU,
FR1819,5.0,167.1,RQ-400M600S034U,6X4,QFN,0,450.0,CU,
FR1832,5.0,173.0,4Q-400M500U030U,5X4,QFN,0,560.0,CU,
FR1837,5.0,164.2,4Q-400E600U034U,6X4,QFN,0,450.0,CU,
FR1837,5.0,164.2,4Q-400M600S034U,6X4,QFN,0,450.0,CU,
FR1837,5.0,164.2,4Q-400M600U034U,6X4,QFN,0,450.0,CU,
FR1837,5.0,164.2,4QC400M600U034U,6X4,QFN,0,450.0,CU,
FR1837,5.0,164.2,RQ-400E600Z034U,6X4,QFN,0,450.0,CU,
FR1837,5.0,164.2,RQ-400M600S034U,6X4,QFN,0,450.0,CU,
FR1862,5.0,178.29,4Q-400E600U034U,6X4,QFN,0,450.0,CU,
FR1862,5.0,178.29,4Q-400M600U034U,6X4,QFN,0,450.0,CU,
FR1862,5.0,178.29,4QC400M600U034U,6X4,QFN,0,450.0,CU,
FR1862,5.0,178.29,RQ-400M600S034U,6X4,QFN,0,450.0,CU,
FR4003,5.0,178.39,TQC500M500W031U,5X5,QFN,0,440.0,CU,
FR4006,5.0,158.25,NQ-900M9001064U,9X9,SLP,,120.0,,Full Cut
FR4006,5.0,158.25,TQ-900E9001064U,9X9,SLP,,120.0,,Full Cut
FR4006,5.0,158.25,TQ-900E900B064U,9X9,QFN,Copper,120.0,CU,
FR4006,5.0,158.25,TQ-900M9001064U,9X9,SLP,,120.0,,Full Cut
FR4006,5.0,158.25,TQC900E9001064U,9X9,SLP,,120.0,,Full Cut
FR4006,5.0,158.25,TQC900M9001064U,9X9,SLP,,120.0,,Full Cut
FR5001,3.0,319.07,TD-200E200C006D,2X2,QFN,0,2470.0,0,
FR5001,3.0,319.07,TD-200E200C006P,2X2,QFN,0,2470.0,0,
FR5001,3.0,319.07,TDC200E200C006D,2X2,QFN,0,2470.0,0,
FR5001,3.0,319.07,TDC200E200C006Y,2X2,QFN,0,2470.0,0,
FR5003,3.0,303.95,TD-200E200B008B,2X2,QFN,Full PPF,2470.0,Full PPF,
FR5003,3.0,303.95,TD-200E200B008P,2X2,QFN,Full PPF,2470.0,Full PPF,
FR5003,3.0,303.95,TD-200E200B008Y,2X2,QFN,Full PPF,2470.0,Full PPF,
FR5003,3.0,303.95,TDC200E200B008B,2X2,QFN,Full PPF,2470.0,Full PPF,
FR5003,3.0,303.95,TDC200E200B008Y,2X2,QFN,Full PPF,2470.0,Full PPF,
FR5005,3.0,214.05,NQ-500E500A040B,5X5,QFN,Full PPF,440.0,Full PPF,
FR5005,3.0,214.05,NQ-500E500A040P,5X5,QFN,Full PPF,440.0,Full PPF,
FR5005,3.0,214.05,NQC500E500A040B,5X5,QFN,Full PPF,440.0,Full PPF,
FR5005,3.0,214.05,NQC500E500A040Y,5X5,QFN,Full PPF,440.0,Full PPF,
FR5005,3.0,214.05,TQC500E500A040Y,5X5,QFN,Full PPF,440.0,Full PPF,
FR5008,3.0,306.87,ND-300E300B010D,3X3,QFN,0,1170.0,0,
FR5008,3.0,306.87,ND-300E300B010P,3X3,QFN,0,1170.0,0,
FR5008,3.0,306.87,ND-300S300B010D,3X3,QFN,0,1170.0,0,
FR5008,3.0,306.87,NDC300E300B010D,3X3,QFN,0,1170.0,0,
FR5008,3.0,306.87,NDC300E300B010K,3X3,QFN,0,1170.0,0,
FR5008,3.0,306.87,NDC300E300B010P,3X3,QFN,0,1170.0,0,
FR5008,3.0,306.87,NDC300E300B010Y,3X3,QFN,0,1170.0,0,
FR5028,3.0,291.07,ND-400E400D008Y,4X4,QFN,Full PPF,700.0,Full PPF,
FR5028,3.0,291.07,NDC400E400D008B,4X4,QFN,Full PPF,700.0,Full PPF,
FR5028,3.0,291.07,NDC400E400D008D,4X4,QFN,Full PPF,700.0,Full PPF,
FR5028,3.0,291.07,NDC400E400D008Y,4X4,QFN,Full PPF,700.0,Full PPF,
FR5028,3.0,291.07,NDC400M400D008B,4X4,QFN,Full PPF,700.0,Full PPF,
FR5028,3.0,291.07,NDC400M400D008P,4X4,QFN,Full PPF,700.0,Full PPF,
FR5050,5.0,261.91,NQ-300E300B016Z,3X3,QFN,0,1170.0,CU,
FR5050,5.0,261.91,NQC300E300B016Z,3X3,QFN,0,1170.0,CU,
FR5051,5.0,174.31,MD-400M400D008Z,4X4,QFN,0,700.0,CU,
FR5051,5.0,174.31,ND-400E400D008Z,4X4,QFN,0,700.0,CU,
FR5051,5.0,174.31,NDC400E400D008U,4X4,QFN,0,700.0,CU,
FR5051,5.0,174.31,NDC400E400D008Z,4X4,QFN,0,700.0,CU,
FR5055,5.0,311.38,TD-300E2001010Z,2X3,SLP,,1710.0,,Full Cut
FR5055,5.0,311.38,TDC300E2001010Z,2X3,SLP,,1710.0,,Full Cut
FR5068,5.0,189.98,NQ-500E5001028Z,5X5,SLP,,440.0,,Full Cut
FR5068,5.0,189.98,NQC500E5001028Z,5X5,SLP,,440.0,,Full Cut
FR5068,5.0,189.98,TQ-500E5001028Z,5X5,SLP,,440.0,,Full Cut
FR5071,5.0,177.56,ND-500E4001016U,4X5,SLP,,550.0,,Full Cut
FR5071,5.0,177.56,NDC500E4001016U,5X4,SLP,,550.0,,Full Cut
FR5071,5.0,177.56,NDC500E4001016Z,4X5,SLP,,550.0,,Full Cut
FR5077,5.0,155.16,4DC600M500U012U,5X6,QFN,0,360.0,CU,
FR5077,5.0,155.16,4Q-500M600U041U,6X5,QFN,0,360.0,CU,
FR5077,5.0,155.16,4QC500E600U041U,6X5,QFN,0,360.0,CU,
FR5077,5.0,155.16,4QC500M600U041U,6X5,QFN,0,360.0,CU,
FR5078,5.0,166.02,4DC600M500U012U,5X6,QFN,0,360.0,CU,
FR5079,5.0,222.04,4DC500M400U018U,4X5,QFN,0,560.0,CU,
FR5083,5.0,165.53,NQ-500E5001032Z,5X5,SLP,,440.0,,Full Cut
FR5083,5.0,165.53,NQC500E5001032A,5X5,SLP,,440.0,,Full Cut
FR5083,5.0,165.53,NQC500E5001032U,5X5,SLP,,440.0,,Full Cut
FR5083,5.0,165.53,NQC500E5001032Z,5X5,SLP,,440.0,,Full Cut
FR5083,5.0,165.53,TQ-500E5001032K,5X5,SLP,,440.0,,Full Cut
FR5084,5.0,226.75,TQ-300E4001020Z,4X3,SLP,,910.0,,Full Cut
FR5084,5.0,226.75,TQC300E4001020Z,4X3,SLP,,910.0,,Full Cut
FR5088,5.0,176.87,NQ-900E9001064U,9X9,SLP,,120.0,,Full Cut
FR5088,5.0,176.87,NQ-900E900B064A,9X9,QFN,Copper,120.0,CU,
FR5088,5.0,176.87,NQ-900E900B064U,9X9,QFN,Copper,120.0,CU,
FR5088,5.0,176.87,NQC900E9001064U,9X9,SLP,,120.0,,Full Cut
FR5127,5.0,151.38,NQ-900E9001064E,9X9,SLP,,120.0,,Full Cut
FR5127,5.0,151.38,NQ-900E900B064E,9X9,QFN,Copper,120.0,CU,
FR5127,5.0,151.38,NQC900E9001064E,9X9,SLP,,120.0,,Full Cut
FR5127,5.0,151.38,NQC900E900B064E,9X9,QFN,Copper,120.0,CU,
FR5127,5.0,151.38,NQC900E900X064A,9X9,SFS,,120.0,,
FR5127,5.0,151.38,NQC900E900X064E,9X9,SFS,,120.0,,
FR5131,5.0,228.42,NQ-550D3501024U,3.5X5.5,SLP,,560.0,,Full Cut
FR5131,5.0,228.42,NQC550D3501024U,3.5X5.5,SLP,,560.0,,Full Cut
FR5131,5.0,228.42,NQC550D3501024Z,3.5X5.5,SLP,,560.0,,Full Cut
FR5131,5.0,228.42,NQC550E3501024K,5.5X3.5,SLP,,560.0,,Full Cut
FR5131,5.0,228.42,NQC550E3501024U,3.5X5.5,SLP,,560.0,,Full Cut
FR5145,5.0,229.98,NQ-300E3001016Z,3X3,SLP,,1170.0,,Full Cut
FR5145,5.0,229.98,NQ-300E300B016Z,3X3,QFN,0,1170.0,CU,
FR5145,5.0,229.98,NQC300E3001016Z,3X3,SLP,,1170.0,,Full Cut
FR5147,5.0,174.2,NQ-500E5001032Z,5X5,SLP,,440.0,,Full Cut
FR5147,5.0,174.2,NQC500E5001032U,5X5,SLP,,440.0,,Full Cut
FR5157,5.0,172.35,4QZ500M500U031U,5X5,QFN,0,440.0,CU,
FR5157,5.0,172.35,TQC500E500U031U,5X5,QFN,0,440.0,CU,
FR5157,5.0,172.35,TQC500M500U031U,5X5,QFN,0,440.0,CU,
FR5171,5.0,138.26,NQC350E4501020Z,4.5X3.5,SLP,,720.0,,Full Cut
FR5174,3.0,231.3,NQ-350E450B020Y,4.5X3.5,QFN,Full PPF,660.0,Full PPF,
FR5177,5.0,177.42,4Q-500M600U041U,6X5,QFN,0,360.0,CU,
FR5177,5.0,177.42,4QC500M600U041U,6X5,QFN,0,360.0,CU,
FR5193,5.0,224.22,NQ-400E4001024Z,4X4,SLP,,700.0,,Full Cut
FR5193,5.0,224.22,NQC400E4001024A,4X4,SLP,,700.0,,Full Cut
FR5193,5.0,224.22,NQC400E4001024U,4X4,SLP,,700.0,,Full Cut
FR5193,5.0,224.22,NQC400E4001024Z,4X4,SLP,,700.0,,Full Cut
FR5193,5.0,224.22,NQC400E400B024Z,4X4,QFN,0,700.0,CU,
FR5210,5.0,160.74,TQ-500E600U039U,5X6,QFN,Copper,360.0,CU,
FR5210,5.0,160.74,TQ-500E600U039W,5X6,QFN,Copper,360.0,CU,
FR5210,5.0,160.74,TQZ500M600U039U,5X6,QFN,Copper,360.0,CU,
FR5210,5.0,160.74,TQZ500M600U039W,5X6,QFN,Copper,360.0,CU,
FR5222,5.0,152.92,TQC500M600U039U,6X5,QFN,0,360.0,CU,
FR5230,5.0,170.42,TQ-400E500U025U,5X4,QFN,Copper,560.0,CU,
FR5230,5.0,170.42,TQ-400M500U025U,5X4,QFN,Copper,560.0,CU,
FR5230,5.0,170.42,TQC400M500U025U,4X5,QFN,Copper,560.0,CU,
FR6014,5.0,187.17,NQ-500E5001032A,5X5,SLP,,440.0,,Full Cut
FR6014,5.0,187.17,NQ-500E5001032K,5X5,SLP,,440.0,,Full Cut
FR6014,5.0,187.17,NQ-500E5001032U,5X5,SLP,,440.0,,Full Cut
FR6014,5.0,187.17,NQ-500E500B032A,5X5,QFN,Copper,440.0,CU,
FR6014,5.0,187.17,NQ-500E500B032K,5X5,QFN,Copper,440.0,CU,
FR6014,5.0,187.17,NQ-500E500B032U,5X5,QFN,Copper,440.0,CU,
FR6014,5.0,187.17,NQ-500E500X032A,5X5,SFS,,440.0,,
FR6014,5.0,187.17,NQ-500S5001032A,5X5,SLP,,440.0,,Full Cut
FR6014,5.0,187.17,NQ-500S5001032K,5X5,SLP,,440.0,,Full Cut
FR6014,5.0,187.17,NQC500E5001032A,5X5,SLP,,440.0,,Full Cut
FR6014,5.0,187.17,NQC500E5001032U,5X5,SLP,,440.0,,Full Cut
FR6014,5.0,187.17,NQC500E500B032U,5X5,QFN,Copper,440.0,CU,
FR6014,5.0,187.17,NQC500S5001032U,5X5,SLP,,440.0,,Full Cut
FR6014,5.0,187.17,TQC500E500B032E,5X5,QFN,Copper,440.0,CU,
FR6016,5.0,279.8,ND-300E3001008A,3X3,SLP,,1170.0,,Full Cut
FR6016,5.0,279.8,ND-300E3001008K,3X3,SLP,,1170.0,,Full Cut
FR6016,5.0,279.8,ND-300E300C008A,3X3,QFN,Copper,1170.0,CU,
FR6016,5.0,279.8,ND-300E300X008K,3X3,SFS,,1170.0,,
FR6016,5.0,279.8,NDC300E3001008A,3X3,SLP,,1170.0,,Full Cut
FR6016,5.0,279.8,NDC300E3001008U,3X3,SLP,,1170.0,,Full Cut
FR6022,5.0,189.22,MQC400E4001024A,4X4,SLP,,700.0,,Full Cut
FR6022,5.0,189.22,MQC400E4001024K,4X4,SLP,,700.0,,Full Cut
FR6022,5.0,189.22,NQ-400E4001024A,4X4,SLP,,700.0,,Full Cut
FR6022,5.0,189.22,NQ-400E4001024K,4X4,SLP,,700.0,,Full Cut
FR6022,5.0,189.22,NQC400E4001024K,4X4,SLP,,700.0,,Full Cut
FR6022,5.0,189.22,NQC400E4001024U,4X4,SLP,,700.0,,Full Cut
FR6026,5.0,198.7,TQ-400E5001028A,5X4,SLP,,550.0,,Full Cut
FR6026,5.0,198.7,TQ-400E5001028K,5X4,SLP,,550.0,,Full Cut
FR6026,5.0,198.7,TQ-400E500B028K,4X5,QFN,Copper,550.0,CU,
FR6053,5.0,195.89,NQ-400E4001024A,4X4,SLP,,700.0,,Full Cut
FR6053,5.0,195.89,NQ-400E4001024K,4X4,SLP,,700.0,,Full Cut
FR6053,5.0,195.89,NQ-400E4001024U,4X4,SLP,,700.0,,Full Cut
FR6053,5.0,195.89,NQC400E4001024A,4X4,SLP,,700.0,,Full Cut
FR6053,5.0,195.89,NQC400E4001024U,4X4,SLP,,700.0,,Full Cut
FR6053,5.0,195.89,NQC400E400B024A,4X4,QFN,Copper,700.0,CU,
FR6053,5.0,195.89,TQC400E4001024A,4X4,SLP,,700.0,,Full Cut
FR6053,5.0,195.89,TQC400E4001024E,4X4,SLP,,700.0,,Full Cut
FR6053,5.0,195.89,TQC400E400B024E,4X4,QFN,Copper,700.0,CU,
FR6055,5.0,208.24,NQC400E4001024A,4X4,SLP,,700.0,,Full Cut
FR6055,5.0,208.24,NQC400E4001024K,4X4,SLP,,700.0,,Full Cut
FR6059,5.0,166.8,NQ-700E7001048A,7X7,SLP,,240.0,,Full Cut
FR6059,5.0,166.8,NQC700E7001048A,7X7,SLP,,240.0,,Full Cut
FR6059,5.0,166.8,NQC700E7001048K,7X7,SLP,,240.0,,Full Cut
FR6059,5.0,166.8,NQC700E700B048A,7X7,QFN,Copper,240.0,CU,
FR6059,5.0,166.8,TQ-700E7001048A,7X7,SLP,,240.0,,Full Cut
FR6059,5.0,166.8,TQ-700E7001048E,7X7,SLP,,240.0,,Full Cut
FR6059,5.0,166.8,TQ-700E700B048A,7X7,QFN,Copper,240.0,CU,
FR6059,5.0,166.8,TQC700E7001048A,7X7,SLP,,240.0,,Full Cut
FR6059,5.0,166.8,TQC700E7001048E,7X7,SLP,,240.0,,Full Cut
FR6059,5.0,166.8,TQC700E700B048E,7X7,QFN,Copper,374.0,CU,
FR6084,5.0,379.5,TD-170E2501002E,2.5X1.7,SLP,,2325.0,,Full Cut
FR6084,5.0,379.5,TD-170E2501002K,2.5X1.7,SLP,,2325.0,,Full Cut
FR6103,5.0,235.25,TQ-300E4001018C,4X3,SLP,,910.0,,Full Cut
FR6103,5.0,235.25,TQ-300E4001018N,3X4,SLP,,910.0,,Full Cut
FR6131,5.0,154.77,NQ-A00EA001072U,10X10,SLP,,120.0,,Full Cut
FR6131,5.0,154.77,TQ-A00EA001072U,10X10,SLP,,120.0,,Full Cut
FR6131,5.0,154.77,TQ-A00MA001072A,10X10,SLP,,120.0,,Full Cut
FR6131,5.0,154.77,TQ-A00MA001072U,10X10,SLP,,120.0,,Full Cut
FR6131,5.0,154.77,TQCA00EA001072U,10X10,SLP,,120.0,,Full Cut
FR6131,5.0,154.77,TQCA00MA001072U,10X10,SLP,,120.0,,Full Cut
FR6133,5.0,176.93,TQ-700E7001048K,7X7,SLP,,240.0,,Full Cut
FR6133,5.0,176.93,TQ-700M7001048A,7X7,SLP,,240.0,,Full Cut
FR6133,5.0,176.93,TQ-700M7001048K,7X7,SLP,,240.0,,Full Cut
FR6133,5.0,176.93,TQC700E7001048K,7X7,SLP,,240.0,,Full Cut
FR6133,5.0,176.93,TQC700M7001048A,7X7,SLP,,240.0,,Full Cut
FR6133,5.0,176.93,TQC700M7001048K,7X7,SLP,,240.0,,Full Cut
FR6146,5.0,479.33,TQ-200E2001012N,2X2,SLP,,2470.0,,Full Cut
FR6164,5.0,158.35,NQ-900E9001064A,9X9,SLP,,120.0,,Full Cut
FR6164,5.0,158.35,NQ-900E9001064U,9X9,SLP,,120.0,,Full Cut
FR6164,5.0,158.35,TQ-900E9001064U,9X9,SLP,,120.0,,Full Cut
FR6164,5.0,158.35,TQ-900M9001064U,9X9,SLP,,120.0,,Full Cut
FR6164,5.0,158.35,TQC900E9001064U,9X9,SLP,,120.0,,Full Cut
FR6164,5.0,158.35,TQC900M9001064U,9X9,SLP,,120.0,,Full Cut
FR6170,5.0,209.93,TQ-425E4251022C,4.25X4.25,SLP,,540.0,,Full Cut
FR6170,5.0,209.93,TQ-425E4251022W,4.25X4.25,SLP,,540.0,,Full Cut
FR6195,5.0,275.37,TQ-500E5001032K,5X5,SLP,,440.0,,Full Cut
FR6195,5.0,275.37,TQC500E5001032K,5X5,SLP,,440.0,,Full Cut
FRA001,5.0,224.25,NQC400E400A032K,4X4,QFN,0,700.0,CU,
FRA038,5.0,273.83,TD-500M300B016K,3X5,QFN,0,715.0,CU,
FRA058,5.0,173.36,TQ-600E600B040K,6X6,QFN,0,315.0,CU,
FRA058,5.0,173.36,TQ-600M600B040K,6X6,QFN,0,315.0,CU,
FRA065,5.0,185.94,TDC330E330C008U,3.3X3.3,QFN,0,880.0,CU,
FRA066,5.0,213.9,NQ-400E5001022C,5X4,SLP,,550.0,,Full Cut
FRA066,5.0,213.9,NQ-400E5001022N,5X4,SLP,,550.0,,Full Cut
FRA066,5.0,213.9,NQ-400E500B022C,5X4,QFN,0,550.0,CU,
FRA066,5.0,213.9,NQ-400E500B022N,5X4,QFN,0,550.0,CU,
FRA068,5.0,238.33,TD-500D300B016K,3X5,QFN,0,715.0,CU,
FRA068,5.0,238.33,TD-500E300B016K,3X5,QFN,0,715.0,CU,
FRA068,5.0,238.33,TD-500M300B016K,3X5,QFN,0,715.0,CU,
FRA068,5.0,238.33,TDC500E300B016K,3X5,QFN,0,715.0,CU,
FRA077,5.0,206.14,TQ-500E700B038K,5X7,QFN,0,320.0,CU,
FRA111,5.0,235.0,NDG300E220Z004K,3X2.2,QFN,0,1530.0,CU,
FRA131,5.0,136.45,TQCA00MA001088U,10X10,SLP,,120.0,,Full Cut
FRA132,5.0,187.91,TQCA00MA001072U,10X10,SLP,,120.0,,Full Cut
FRA149,5.0,300.83,TQ-200E200M010N,2X2,QFN,0,2470.0,CU,
FRA150,5.0,216.48,MQD350E4501016N,4.5X3.5,SLP,,660.0,,Full Cut
FRA150,5.0,216.48,NQ-350E4501016N,4.5X3.5,SLP,,660.0,,Full Cut
FRA159,5.0,228.29,NQ-400E3501014N,3.5X4,SLP,,770.0,,Full Cut
FRA163,5.0,177.6,NQ-550E5001032N,5X5.5,SLP,,385.0,,Full Cut
FRV003,5.0,159.51,TQC500E600M039U,5X6,QFN,0,360.0,CU,
FRV003,5.0,159.51,TQC500M600U039U,6X5,QFN,0,360.0,CU,
FU0003,3.0,344.1,UQ-140E180A010D,1.8X1.4,QFN,Full PPF,3600.0,Full PPF,
FU0003,3.0,344.1,UQ-140E180A010P,1.8X1.4,QFN,Full PPF,3600.0,Full PPF,
FU0029,3.0,223.32,UQ-500E500B032D,5X5,QFN,0,440.0,0,
FU0029,3.0,223.32,UQ-500E500B032P,5X5,QFN,0,440.0,0,
FU0054,5.0,164.88,UQ-500E500A040A,5X5,QFN,Copper,440.0,CU,
FU0054,5.0,164.88,UQ-500E500A040K,5X5,QFN,Copper,440.0,CU,
FU0151,5.0,250.17,UQ-400E400A032A,4X4,QFN,Copper,700.0,CU,
FU0151,5.0,250.17,UQC400E400A032A,4X4,QFN,Copper,700.0,CU,
FU0151,5.0,250.17,UQC400E400A032K,4X4,QFN,Copper,700.0,CU,
FU0207,3.0,202.08,UQ-400E400B024P,4X4,QFN,0,700.0,0,
FU0207,3.0,202.08,UQC400E400B024P,4X4,QFN,0,700.0,0,
FU0219,3.0,265.26,UD-200E200C006P,2X2,QFN,0,2470.0,0,
FU0227,3.0,234.23,XQ-405E450A038P,4.5X4.05,QFN,0,600.0,0,
FU0227,3.0,234.23,XQC405E450A038P,4.5X4.05,QFN,0,600.0,0,
FU0242,3.0,222.02,IQC500E500A040P,5X5,QFN,0,440.0,0,
FU0242,3.0,222.02,UQC500E500A040D,5X5,QFN,0,440.0,0,
FU0242,3.0,222.02,UQC500E500A040J,5X5,QFN,0,440.0,0,
FU0242,3.0,222.02,UQC500E500A040P,5X5,QFN,0,440.0,0,
FU0245,3.0,283.55,XD-200E250B008D,2X2.5,QFN,0,1950.0,0,
FU0245,3.0,283.55,XD-200E250B008P,2X2.5,QFN,0,1950.0,0,
FU0256,5.0,522.31,XD-150E110B006C,1.5X1.1,QFN,Copper,5270.0,CU,
FU0256,5.0,522.31,XD-150E110B006N,1.5X1.1,QFN,Copper,5270.0,CU,
FU0256,5.0,522.31,XD-150E120B006C,1.5X1.2,QFN,Copper,4920.0,CU,
FU0264,3.0,520.21,IQ-250S300Z012D,2.5X3,QFN,0,1350.0,0,
FU0264,3.0,520.21,IQ-250S300Z012P,2.5X3,QFN,0,1350.0,0,
FU0267,5.0,474.38,XD-150E120B006C,1.5X1.2,QFN,0,4920.0,CU,
FU0267,5.0,474.38,XD-150E120B006N,1.5X1.2,QFN,0,4930.0,CU,
