FRAME_STOCK,SPEED,TIME/STRIP,PACKAGE_CODE
F30027,3.0,199.98,MH-45F140033EAN
F30027,3.0,199.98,MHC45F140033EAN
F30027,3.0,199.98,MHY45M240033EAJ
F30027,3.0,199.98,MHY45M240033EAN
F30027,3.0,199.98,MHZ45M240033EAN
F30044,5.0,286.24,XHC16E114006AAJ
F30044,5.0,286.24,XHC16E114006AAN
F30056,5.0,170.21,HHC50E260016TAJ
F30056,5.0,170.21,HHC50M260016TAJ
F40026,3.0,294.06,PQ-300E300B016P
F70022,5.0,253.56,TQ-258E258B014C
F70022,5.0,253.56,TQ-258E258B014N
F70023,4.0,263.09,EQ-300E400Z021F
F70023,4.0,263.09,EQ-300E400Z021M
F70023,4.0,263.09,EQ-300E400Z021W
F70025,5.0,176.34,EQC500E500B032U
F70029,3.0,233.98,EQ-300E400Z021M
F70029,4.0,222.05,EQ-300E400Z021M
F70034,3.0,242.88,EQ-200E300B014M
F76001,3.0,222.64,EQ-350E3501022C
F76001,3.0,222.64,EQ-350E3501022N
F76005,2.0,265.44,EQ-500E5001032U
F76005,2.0,265.44,EQC500E500B032U
FA0028,5.0,174.13,EHC90E190100BAN
FA0028,5.0,174.13,MH-90E190100DAN
FA0028,5.0,174.13,MHC90E190100DAJ
FA0028,5.0,174.13,MHC90E190100DAN
FA0028,9.0,132.7,EHC90E190100BAN
FA0028,9.0,132.7,MH-90E190100DAN
FA0028,9.0,132.7,MHC90E190100DAJ
FA0028,9.0,132.7,MHC90E190100DAN
FA0034,5.0,495.76,EH-20E120014BAN
FA0043,3.0,622.84,XH-20E124018AAJ
FA0043,3.0,622.84,XH-20E124018AAN
FA0095,3.0,134.33,MH-50E150032BAN
FA0095,3.0,134.33,MHC50E150032DAJ
FA0095,3.0,134.33,MHC50E150032DAN
FA0097,5.0,85.13,XH-20E120024AAJ
FA0097,5.0,85.13,XH-20E120024AAN
FA0097,5.0,85.13,XH-20E120024ABS
FA0097,5.0,85.13,XHC20E120024AAJ
FA0126,5.0,571.5,THY18S236006CAJ
FA0126,5.0,571.5,THY18S236006CAN
FA0129,5.0,191.57,MH-45E145046DAN
FA0129,5.0,191.57,MH-45E145046DBH
FA0129,5.0,191.57,MH-45E145046DBS
FA0132,5.0,83.1,XH-31D243034AAJ
FA0132,5.0,83.1,XH-31D243034AAN
FA0132,5.0,83.1,XH-31E143034AAN
FA0133,3.0,189.37,NH-50E150024SAJ
FA0133,3.0,189.37,NH-50E150024SAN
FA0133,3.0,189.37,NHC50E150024SAN
FA0133,9.0,181.45,NH-50E150024SAJ
FA0133,9.0,181.45,NH-50E150024SAN
FA0133,9.0,181.45,NHC50E150024SAN
FA0137,5.0,307.67,PH-20E125008AAJ
FA0137,5.0,307.67,PH-20E125008AAN
FA0142,3.0,207.14,MH-40E140015DAJ
FA0142,3.0,207.14,MH-40E140015DAN
FA0142,3.0,207.14,MH-40E140020DAN
FA0147,3.0,282.2,EH-26E124008BAJ
FA0147,3.0,282.2,EH-26E124008BAN
FA0147,5.0,173.23,EH-26E124008BAJ
FA0147,5.0,173.23,EH-26E124008BAN
FA0157,3.0,171.28,MH-70E170056DAJ
FA0157,3.0,171.28,MH-70E170056DAN
FA0157,3.0,171.28,MHC70E170056DAN
FA0157,9.0,148.23,MH-70E170056DAJ
FA0157,9.0,148.23,MH-70E170056DAN
FA0157,9.0,148.23,MHC70E170056DAN
FA0160,5.0,230.91,EH-22F130024BAJ
FA0160,5.0,230.91,TH-22F130024CAJ
FA0160,5.0,230.91,TH-22F130024CAN
FA0160,9.0,213.11,EH-22F130024BAJ
FA0160,9.0,213.11,TH-22F130024CAJ
FA0160,9.0,213.11,TH-22F130024CAN
FA0171,5.0,180.66,MH-60E160080DAN
FA0171,5.0,180.66,MHC60E160080DAJ
FA0171,5.0,180.66,MHC60E160080DAN
FA0171,9.0,158.03,MH-60E160080DAN
FA0171,9.0,158.03,MHC60E160080DAJ
FA0171,9.0,158.03,MHC60E160080DAN
FA0180,3.0,155.02,HH-90E190064TAN
FA0180,3.0,155.02,HH-90S290064TAJ
FA0180,3.0,155.02,HH-90S290064TAN
FA0180,3.0,155.02,HH-90S290064TIN
FA0180,3.0,155.02,MH-90S290064BIN
FA0184,3.0,189.68,HH-80E180068TAN
FA0184,3.0,189.68,HH-80S280068TAJ
FA0184,3.0,189.68,HH-80S280068TAN
FA0184,3.0,189.68,MH-80S280068DAN
FA0187,3.0,129.79,HHG90M290031TAN
FA0187,3.0,129.79,HHG90M390031TAJ
FA0187,3.0,129.79,HHG90M390031TAN
FA0212,3.0,161.69,HHC50M260016TAJ
FA0212,3.0,161.69,HHC50M260016TAN
FA0215,9.0,137.04,NH-60E160071SAJ
FA0215,9.0,137.04,NH-60E160071SAN
FJE013,3.0,135.83,NBCM0C1M05389HR
FJE013,3.0,135.83,NGCM0C1M05389HR
FJE017,3.0,160.33,GB-70C1700997ER
FJE039,3.0,144.0,BBWH0C1H0273DGR
FJE039,3.0,144.0,BBWH0J2H0273DGR
FJT001,1.0,429.0,GGO40C1600345AR
FJT002,1.0,226.05,GG-40C1600345AR
FJT002,5.0,109.02,GG-40C1600345AR
FN0020,3.0,349.56,UD-120X100A006D
FN0020,3.0,349.56,UD-120X100A006P
FN0020,3.0,349.56,UDI1A006P
FN0059,3.0,240.0,UQ-170X200A012D
FN0059,3.0,240.0,UQ-170X200A012P
FN0077,5.0,196.5,UD-300X300B010A
FN0115,3.0,189.32,UQ-180E320A020P
FN0115,3.0,189.32,UQ-180X320A020D
FN0115,3.0,189.32,UQ-180X320A020P
FR0005,3.0,251.8,TQ-400E400B024A
FR0005,3.0,251.8,TQ-400E400B024K
FR0005,5.0,245.01,TQ-400E400B024A
FR0005,5.0,245.01,TQ-400E400B024K
FR0006,5.0,196.24,TQ-500E500B032A
FR0006,5.0,196.24,TQ-500E500B032K
FR0006,5.0,196.24,TQ-500M500B032A
FR0006,5.0,196.24,TQ-500M500B032K
FR0006,5.0,196.24,TQC500E500B032K
FR0011,5.0,191.93,NQ-600E600B040A
FR0011,5.0,191.93,TQ-600E600B040A
FR0011,5.0,191.93,TQ-600E600B040K
FR0011,5.0,191.93,TQ-600M600B040A
FR0011,5.0,191.93,TQ66B040A
FR0011,5.0,191.93,TQC600E600B040K
FR0015,5.0,159.46,TQ-700E800B052A
FR0015,5.0,159.46,TQ-700E800B052K
FR0015,5.0,159.46,TQ-700M800B052A
FR0018,5.0,238.84,NQ-400E400B024A
FR0018,5.0,238.84,NQ-400E400B024K
FR0018,5.0,238.84,NQC400E400B024A
FR0018,5.0,238.84,TQ-400E400B024A
FR0018,5.0,238.84,TQ-400E400X024A
FR0018,5.0,238.84,TQC400E400B024A
FR0022,5.0,238.4,NQ-300E3001016A
FR0022,5.0,238.4,NQ-300E300B016A
FR0022,5.0,238.4,NQ-300E300B016K
FR0022,5.0,238.4,NQC300E3001016A
FR0022,5.0,238.4,NQC300E300B016A
FR0022,5.0,238.4,NQC300E300B016K
FR0022,5.0,238.4,TQ-300E300B016A
FR0022,5.0,238.4,TQC300E300B016A
FR0023,3.0,575.24,ND-300E3001010A
FR0023,3.0,575.24,ND-300E3001010K
FR0023,3.0,575.24,ND-300E300B010A
FR0023,3.0,575.24,ND-300E300B010K
FR0023,3.0,575.24,ND-300E300X010A
FR0023,3.0,575.24,ND-300E300X010K
FR0023,3.0,575.24,ND-300S300B010A
FR0023,3.0,575.24,NDC300E3001010K
FR0023,3.0,575.24,NDC300E300X010K
FR0023,3.0,575.24,NDC300E300X010U
FR0023,3.0,575.24,TD-300E300B010A
FR0023,5.0,358.62,ND-300E3001010A
FR0023,5.0,358.62,ND-300E3001010K
FR0023,5.0,358.62,ND-300E300B010A
FR0023,5.0,358.62,ND-300E300B010K
FR0023,5.0,358.62,ND-300E300X010A
FR0023,5.0,358.62,ND-300E300X010K
FR0023,5.0,358.62,ND-300S300B010A
FR0023,5.0,358.62,NDC300E3001010K
FR0023,5.0,358.62,NDC300E300X010K
FR0023,5.0,358.62,NDC300E300X010U
FR0023,5.0,358.62,TD-300E300B010A
FR0025,5.0,171.38,NQ-500E500B032A
FR0025,5.0,171.38,NQ-500M500B032A
FR0025,5.0,171.38,NQ-500S500B032A
FR0025,5.0,171.38,NQC500E500B032A
FR0025,5.0,171.38,TQ-500E500B032A
FR0025,5.0,171.38,TQ55B032A
FR0025,5.0,171.38,TQC500E500B032A
FR0035,5.0,199.36,NQ-600E600A048A
FR0035,5.0,199.36,NQ-600E600A048K
FR0035,5.0,199.36,NQ-600S600A048A
FR0035,5.0,199.36,TQ-600E600A048A
FR0040,5.0,279.66,ND-300E300B010A
FR0040,5.0,279.66,ND-300E300B010K
FR0040,5.0,279.66,TDC300E300B010A
FR0043,5.0,213.42,NQ-400E400A028A
FR0043,5.0,213.42,TQ-400E400A028A
FR0043,5.0,213.42,TQ-400E400A028E
FR0043,5.0,213.42,TQ-400E400A028K
FR0043,5.0,213.42,TQ44A028A
FR0043,5.0,213.42,TQC400E400A028A
FR0043,5.0,213.42,TQC400E400A028E
FR0044,5.0,169.44,NQ-500E5001032A
FR0044,5.0,169.44,NQ-500E500B032A
FR0044,5.0,169.44,NQ-500E500B032K
FR0044,5.0,169.44,NQ-500E500X032A
FR0044,5.0,169.44,NQ-500E500X032K
FR0044,5.0,169.44,NQ-500M500B032A
FR0044,5.0,169.44,NQC500E500B032A
FR0044,5.0,169.44,NQC500E500B032K
FR0044,5.0,169.44,TQ-500E500B032A
FR0044,5.0,169.44,TQ-500E500B032E
FR0044,5.0,169.44,TQ-500M500B032A
FR0044,5.0,169.44,TQ-500S500B032A
FR0044,5.0,169.44,TQC500E500B032A
FR0044,5.0,169.44,TQC500E500B032E
FR0044,5.0,169.44,TQC500E500B032K
FR0046,5.0,180.9,NQ-400E400A028A
FR0046,5.0,180.9,TQ-400E400A028A
FR0046,5.0,180.9,TQ-400E400A028K
FR0049,5.0,191.24,NQ-400E4001024A
FR0049,5.0,191.24,NQ-400E400B024A
FR0049,5.0,191.24,NQ-400E400B024K
FR0049,5.0,191.24,NQ-400S400B024A
FR0049,5.0,191.24,NQC400E400B024A
FR0049,5.0,191.24,TQ-400E400B024A
FR0049,5.0,191.24,TQ-400E400B024E
FR0049,5.0,191.24,TQ-400M400B024A
FR0049,5.0,191.24,TQ-400M400B024E
FR0049,5.0,191.24,TQ-400S400B024A
FR0049,5.0,191.24,TQC400E4001024A
FR0049,5.0,191.24,TQC400E400B024A
FR0049,5.0,191.24,TQC400E400B024E
FR0049,5.0,191.24,TQC400E400B024U
FR0056,3.0,575.48,NQ-400E4001020A
FR0056,3.0,575.48,NQ-400E400B020A
FR0056,3.0,575.48,NQ-400E400B020K
FR0056,3.0,575.48,NQC400E400B020A
FR0056,3.0,575.48,TQ-400E400B020A
FR0056,3.0,575.48,TQ-400E400B020E
FR0056,3.0,575.48,TQ-400E400B020K
FR0056,3.0,575.48,TQ-400E400X020A
FR0056,3.0,575.48,TQC400E4001020A
FR0056,3.0,575.48,TQC400E400B020A
FR0057,5.0,205.03,NQ-300E300A020A
FR0057,5.0,205.03,NQ-300S300A020A
FR0057,5.0,205.03,NQ-300S300A020K
FR0057,5.0,205.03,NQC300E300A020A
FR0057,5.0,205.03,NQC300E300A020K
FR0057,5.0,205.03,TQ-300E300A020A
FR0057,5.0,205.03,TQ-300E300A020K
FR0060,3.0,690.14,NQ-500E500B028A
FR0060,3.0,690.14,NQ-500E500B028K
FR0060,3.0,690.14,NQ-500S500B028A
FR0060,3.0,690.14,NQC500E500B028A
FR0060,3.0,690.14,TQ-500E5001028A
FR0060,3.0,690.14,TQ-500E5001028E
FR0060,3.0,690.14,TQ-500E500B028A
FR0060,3.0,690.14,TQC500E5001028A
FR0060,3.0,690.14,TQC500E500B028A
FR0060,3.0,690.14,TQC500E500B028K
FR0060,3.0,690.14,TQC500E500X028A
FR0060,5.0,197.37,NQ-500E500B028A
FR0060,5.0,197.37,NQ-500E500B028K
FR0060,5.0,197.37,NQ-500S500B028A
FR0060,5.0,197.37,NQC500E500B028A
FR0060,5.0,197.37,TQ-500E5001028A
FR0060,5.0,197.37,TQ-500E5001028E
FR0060,5.0,197.37,TQ-500E500B028A
FR0060,5.0,197.37,TQC500E5001028A
FR0060,5.0,197.37,TQC500E500B028A
FR0060,5.0,197.37,TQC500E500B028K
FR0060,5.0,197.37,TQC500E500X028A
FR0066,5.0,222.74,NQ-500E500A040A
FR0066,5.0,222.74,NQ-500E500A040K
FR0066,5.0,222.74,NQC500E500A040A
FR0066,5.0,222.74,TQ-500E500A040A
FR0066,5.0,222.74,TQC500E500A040A
FR0067,5.0,188.45,NQ-600E600B036A
FR0067,5.0,188.45,NQ-600S600B036A
FR0067,5.0,188.45,NQC600E600B036A
FR0067,5.0,188.45,TQ-600E600B036A
FR0068,5.0,221.17,NQ-700E7001032A
FR0068,5.0,221.17,NQ-700E7001032K
FR0068,5.0,221.17,NQ-700E700C032A
FR0068,5.0,221.17,NQ-700E700X032A
FR0068,5.0,221.17,NQ-700E700X032K
FR0068,5.0,221.17,NQC700E7001032A
FR0068,5.0,221.17,NQC700E7001032K
FR0068,5.0,221.17,TQ-700E700C032A
FR0068,5.0,221.17,TQ-700E700C032E
FR0090,5.0,283.24,NQ-400E400B020A
FR0090,5.0,283.24,NQ-400E400B020K
FR0090,5.0,283.24,NQC400E400B020K
FR0090,5.0,283.24,TQ-400E400B020A
FR0099,3.0,226.14,TQTA00DA00B068P
FR0099,3.0,226.14,TQTA00EA00B068A
FR0099,3.0,226.14,TQTA00EA00B068B
FR0099,3.0,226.14,TQTA00EA00B068P
FR0110,5.0,155.64,NQ-800E800B052A
FR0110,5.0,155.64,NQ-800E800B052K
FR0110,5.0,155.64,NQC800E800B052A
FR0123,5.0,185.28,ND-700E400A032A
FR0123,5.0,185.28,TD-700E400A032A
FR0123,5.0,185.28,TD-700M400A032A
FR0123,5.0,185.28,TD-700M400A032K
FR0124,5.0,177.62,NQ-600E6001040A
FR0124,5.0,177.62,NQ-600E600B040A
FR0124,5.0,177.62,NQ-600M600B040A
FR0124,5.0,177.62,NQC600E600B040A
FR0124,5.0,177.62,TQ-600E600B040A
FR0124,5.0,177.62,TQC600E600B040A
FR0139,5.0,178.29,MQ-500S500C020A
FR0139,5.0,178.29,MQ-500S500C020K
FR0139,5.0,178.29,NQ-500E500C020A
FR0139,5.0,178.29,TQ-500E500C020A
FR0139,5.0,178.29,TQ-500E500C020E
FR0147,5.0,143.89,NQ-700E700B048A
FR0147,5.0,143.89,NQ-700M700B048A
FR0147,5.0,143.89,NQC700E700B048K
FR0147,5.0,143.89,TQ-700E700B048A
FR0147,5.0,143.89,TQC700E700B048A
FR0153,5.0,159.17,NQ-700E700B048A
FR0153,5.0,159.17,NQ-700S700B048A
FR0153,5.0,159.17,NQC700E700B048A
FR0153,5.0,159.17,NQC700E700B048K
FR0156,4.0,212.56,ND-300E300B010F
FR0156,4.0,212.56,ND-300E300B010M
FR0158,5.0,140.3,NQ-900E900B064A
FR0158,5.0,140.3,NQ-900E900B064E
FR0158,5.0,140.3,NQC900E9001064A
FR0158,5.0,140.3,NQC900E900B064A
FR0158,5.0,140.3,TQ-900E900B064A
FR0158,5.0,140.3,TQ-900E900B064K
FR0158,5.0,140.3,TQ-900M900B064A
FR0158,5.0,140.3,TQC900M900B064K
FR0160,5.0,158.95,NQ-900E900B064A
FR0160,5.0,158.95,NQC900E900B064A
FR0160,5.0,158.95,NQC900E900B064K
FR0179,5.0,281.65,NQ-300E300B016A
FR0179,5.0,281.65,NQC300E300B016A
FR0179,5.0,281.65,NQC300E300B016K
FR0179,5.0,281.65,TQ-300E300B016A
FR0194,5.0,197.53,NQ-400E400B020A
FR0194,5.0,197.53,NQC400E400B020A
FR0194,5.0,197.53,TQ-400E400B020A
FR0211,3.0,168.21,MQ-800M800B056P
FR0211,3.0,168.21,NQ-800E800B056P
FR0211,3.0,168.21,NQ-800M800B056D
FR0211,3.0,168.21,NQ-800M800B056P
FR0211,3.0,168.21,NQC800E800B056P
FR0211,3.0,168.21,TQ-800E800B056P
FR0211,3.0,168.21,TQ-800M800B056P
FR0221,5.0,193.12,ND-500E600G008A
FR0221,5.0,193.12,ND-500E600G008K
FR0221,5.0,193.12,TD-500E600G008A
FR0221,5.0,193.12,TD-500S600G008A
FR0221,5.0,193.12,TD-500S600G008K
FR0221,5.0,193.12,TDC500E600G008A
FR0227,5.0,153.94,NQ-800E800C044A
FR0227,5.0,153.94,NQ-800M800C044A
FR0227,5.0,153.94,NQC800E800C044A
FR0242,3.0,337.07,NQ-300E300B016D
FR0242,3.0,337.07,NQ-300E300B016P
FR0242,3.0,337.07,NQ-300S300B016P
FR0242,3.0,337.07,NQC300E300B016P
FR0242,3.0,337.07,TQ-300E300B016P
FR0249,3.0,336.6,ND-320E250P004P
FR0249,3.0,336.6,ND-320S250P004D
FR0249,3.0,336.6,ND-320S250P004P
FR0250,0.0,161.03,NQ-700E7001056A
FR0250,0.0,161.03,NQ-700E700A056A
FR0250,0.0,161.03,NQC700E7001056A
FR0250,0.0,161.03,NQC700E700A056A
FR0250,0.0,161.03,NQC700E700A056K
FR0250,0.0,161.03,TQ-700E700A056A
FR0250,5.0,172.54,NQ-700E7001056A
FR0250,5.0,172.54,NQ-700E700A056A
FR0250,5.0,172.54,NQC700E7001056A
FR0250,5.0,172.54,NQC700E700A056A
FR0250,5.0,172.54,NQC700E700A056K
FR0250,5.0,172.54,TQ-700E700A056A
FR0251,5.0,234.32,TD-300E3001010A
FR0251,5.0,234.32,TD-300E300B010A
FR0251,5.0,234.32,TD-300E300B010K
FR0251,5.0,234.32,TDC300E300B010A
FR0254,5.0,286.75,TQ-300E4001020A
FR0254,5.0,286.75,TQ-300E400B020A
FR0254,5.0,286.75,TQ-300E400B020K
FR0254,5.0,286.75,TQ-300S400B020A
FR0259,5.0,189.78,NQ-400E400B020A
FR0259,5.0,189.78,TQ-400E400B020A
FR0260,5.0,225.36,MQ-300E500B024K
FR0260,5.0,225.36,MQ-300M500B024K
FR0260,5.0,225.36,TQ-300E500B024A
FR0260,5.0,225.36,TQ-300E500B024K
FR0260,5.0,225.36,TQ-300M500B024A
FR0260,5.0,225.36,TQ-300M500B024K
FR0263,5.0,252.11,ND-400D400F008A
FR0263,5.0,252.11,ND-400E400F008A
FR0263,5.0,252.11,ND-400M400F008A
FR0268,5.0,190.65,NQ-600E600C028A
FR0268,5.0,190.65,NQ-600M600C028A
FR0268,5.0,190.65,NQ-600S600C028A
FR0268,5.0,190.65,NQC600E600C028A
FR0274,5.0,310.1,TD-300E200B008A
FR0274,5.0,310.1,TD-300E200B008K
FR0274,5.0,310.1,TDC300E200B008K
FR0290,5.0,262.0,TD-300E300B008A
FR0290,5.0,262.0,TD-300E300B008K
FR0293,3.0,239.81,ND-500S320R004D
FR0293,3.0,239.81,ND-500S320R004P
FR0306,5.0,261.59,NQ-400E400B024A
FR0306,5.0,261.59,NQ-400M400B024A
FR0306,5.0,261.59,NQ-400M400B024K
FR0306,5.0,261.59,NQ-400S400B024A
FR0306,5.0,261.59,NQC400E400B024A
FR0306,5.0,261.59,TQ-400E400B024A
FR0306,5.0,261.59,TQC400E400B024A
FR0306,5.0,261.59,TQC400E400B024K
FR0309,5.0,174.34,NQ-600E600B040A
FR0309,5.0,174.34,NQ-600E600B040K
FR0316,5.0,264.61,TD-500D300B016A
FR0316,5.0,264.61,TD-500D300B016K
FR0316,5.0,264.61,TD-500E300B016A
FR0316,5.0,264.61,TD-500E300B016K
FR0316,5.0,264.61,TD-500M300B016A
FR0316,5.0,264.61,TD-500M300B016K
FR0343,5.0,281.1,TQ-400E400C016A
FR0343,5.0,281.1,TQ-400E400C016K
FR0343,5.0,281.1,TQC400E400C016K
FR0345,3.0,350.62,ND-200E300B008P
FR0345,3.0,350.62,TD-200E300B008A
FR0345,3.0,350.62,TD-200E300B008D
FR0345,3.0,350.62,TD-200E300B008P
FR0345,3.0,350.62,TD-200S300B008D
FR0345,3.0,350.62,TD-200S300B008P
FR0350,3.0,363.75,TD-200E200C006P
FR0366,5.0,345.72,ND-200E200B008A
FR0366,5.0,345.72,ND-200E200B008K
FR0366,5.0,345.72,ND-200M200B008A
FR0366,5.0,345.72,NDC200E200B008A
FR0366,5.0,345.72,NDC200E200B008K
FR0366,5.0,345.72,TDC200E200B008A
FR0370,5.0,211.64,NQ-400E500B028A
FR0370,5.0,211.64,TQ-400E500B028A
FR0370,5.0,211.64,TQ-400E500B028K
FR0370,5.0,211.64,TQ-400S500B028A
FR0370,5.0,211.64,TQC400E500B028K
FR0371,5.0,191.11,TQ-500E600B028A
FR0371,5.0,191.11,TQ-500M600B028A
FR0371,5.0,191.11,TQ-500M600B028K
FR0373,3.0,221.48,NQ-600E600B040P
FR0379,5.0,235.67,TQ-300E300B016C
FR0379,5.0,235.67,TQ-300E300B016W
FR0382,5.0,168.49,NQ-700E700B048A
FR0382,5.0,168.49,TQ-700E7001048A
FR0382,5.0,168.49,TQ-700E700B048A
FR0382,5.0,168.49,TQ-700E700B048K
FR0382,5.0,168.49,TQ-700M700B048A
FR0383,3.0,178.61,TQ-900E900B064A
FR0383,3.0,178.61,TQ-900E900B064K
FR0383,3.0,178.61,TQ-900M900B064A
FR0383,3.0,178.61,TQ-900M900B064K
FR0383,5.0,147.2,TQ-900E900B064A
FR0383,5.0,147.2,TQ-900E900B064K
FR0383,5.0,147.2,TQ-900M900B064A
FR0383,5.0,147.2,TQ-900M900B064K
FR0384,5.0,227.99,TD-250D250C006A
FR0384,5.0,227.99,TD-250E250C006A
FR0384,5.0,227.99,TD-250M250C006A
FR0384,5.0,227.99,TD-250S250C006A
FR0400,5.0,285.09,TD-200S300M008A
FR0400,5.0,285.09,TD-200S300M008K
FR0434,3.0,270.48,ND-300E300B010D
FR0434,3.0,270.48,ND-300E300B010P
FR0434,3.0,270.48,ND-300S300B010P
FR0434,3.0,270.48,NDC300E300B010P
FR0434,3.0,270.48,TD-300E300B010D
FR0434,3.0,270.48,TD-300E300B010P
FR0434,3.0,270.48,TDC300E300B010P
FR0437,5.0,198.51,TQ-500E700B038A
FR0437,5.0,198.51,TQ-500E700B038K
FR0437,5.0,198.51,TQ-500M700B038A
FR0437,5.0,198.51,TQC500E700B038A
FR0437,5.0,198.51,TQC500E700B038K
FR0445,5.0,165.43,NQ-600E600A048A
FR0445,5.0,165.43,NQ-600M600A048A
FR0445,5.0,165.43,NQC600E600A048A
FR0445,5.0,165.43,NQC600S600A048A
FR0445,5.0,165.43,NQC600S600A048K
FR0445,5.0,165.43,TQ-600E600A048A
FR0445,5.0,165.43,TQ-600S600A048A
FR0450,5.0,141.84,NQ-900E900B064A
FR0453,3.0,343.97,TD-250S200Z004D
FR0453,3.0,343.97,TD-250S200Z004P
FR0461,3.0,247.36,ND-320S250P004P
FR0461,3.0,247.36,TD-320S250P004P
FR0475,3.0,157.66,NQ-750E750A064P
FR0475,3.0,157.66,TQ-750E750A064P
FR0483,3.0,498.8,ND-150E150B006P
FR0483,3.0,498.8,TD-150E150B006P
FR0484,5.0,244.05,TQ-400E400B024A
FR0485,5.0,240.72,NQ-500E5001020A
FR0485,5.0,240.72,NQ-500E5001020E
FR0485,5.0,240.72,NQ-500E5001020U
FR0485,5.0,240.72,NQ-500E500C020A
FR0485,5.0,240.72,NQ-500E500C020E
FR0485,5.0,240.72,NQ-500E500C020K
FR0485,5.0,240.72,NQ-500E500C020U
FR0485,5.0,240.72,NQ-500E500X020A
FR0485,5.0,240.72,NQ-500E500X020E
FR0485,5.0,240.72,NQ-500E500X020U
FR0485,5.0,240.72,NQC500E5001020E
FR0485,5.0,240.72,NQC500E5001020U
FR0485,5.0,240.72,NQC500E500C020A
FR0485,5.0,240.72,NQC500E500C020E
FR0485,5.0,240.72,NQC500E500C020U
FR0485,5.0,240.72,NQC500E500X020A
FR0485,5.0,240.72,NQC500E500X020E
FR0495,5.0,184.07,MQC700E700B044A
FR0495,5.0,184.07,NQ-700E7001044A
FR0495,5.0,184.07,NQ-700E7001044E
FR0495,5.0,184.07,NQ-700E700B044A
FR0495,5.0,184.07,NQ-700E700B044E
FR0495,5.0,184.07,NQ-700E700B044U
FR0495,5.0,184.07,NQ-700M700B044A
FR0495,5.0,184.07,NQ-700M700B044E
FR0495,5.0,184.07,NQ-700S700B044A
FR0495,5.0,184.07,NQ-700S700B044E
FR0495,5.0,184.07,NQC700E7001044A
FR0495,5.0,184.07,NQC700E7001044E
FR0495,5.0,184.07,NQC700E7001044U
FR0495,5.0,184.07,NQC700E700B044A
FR0495,5.0,184.07,NQC700E700B044E
FR0495,5.0,184.07,NQC700E700B044U
FR0495,5.0,184.07,NQC700E700B044Z
FR0495,5.0,184.07,NQC700E700X044A
FR0495,5.0,184.07,NQC700E700X044E
FR0497,3.0,355.56,NQ-350E350Z015F
FR0497,3.0,355.56,NQ-350E350Z015M
FR0503,5.0,283.08,NQ-400E4001020A
FR0503,5.0,283.08,NQ-400E4001020E
FR0503,5.0,283.08,NQ-400E4001020U
FR0503,5.0,283.08,NQ-400E400B020A
FR0503,5.0,283.08,NQ-400E400B020E
FR0503,5.0,283.08,NQ-400E400B020U
FR0503,5.0,283.08,NQ-400E400X020A
FR0503,5.0,283.08,NQ-400E400X020E
FR0503,5.0,283.08,NQC400E4001020U
FR0503,5.0,283.08,NQC400E400B020A
FR0503,5.0,283.08,NQC400E400B020E
FR0503,5.0,283.08,NQC400E400B020U
FR0503,5.0,283.08,TQ-400E400B020A
FR0506,3.0,260.0,MQ-400E400A032A
FR0506,3.0,260.0,MQ-400S400A032A
FR0506,3.0,260.0,NQ-400E400A032A
FR0506,3.0,260.0,NQC400E400A032A
FR0506,3.0,260.0,NQC400E400A032K
FR0506,3.0,260.0,TQ-400E400A032A
FR0506,5.0,261.44,MQ-400E400A032A
FR0506,5.0,261.44,MQ-400S400A032A
FR0506,5.0,261.44,NQ-400E400A032A
FR0506,5.0,261.44,NQC400E400A032A
FR0506,5.0,261.44,NQC400E400A032K
FR0506,5.0,261.44,TQ-400E400A032A
FR0507,5.0,252.84,NQ-500E5001040A
FR0507,5.0,252.84,NQ-500E500A040A
FR0507,5.0,252.84,NQ-500E500A040K
FR0507,5.0,252.84,NQC500E500A040A
FR0507,5.0,252.84,NQC500E500A040K
FR0507,5.0,252.84,NQC500S500A040K
FR0507,5.0,252.84,TQC500E500A040A
FR0507,5.0,252.84,UQC500E500A040A
FR0510,3.0,312.54,ND-320S250Z006D
FR0510,3.0,312.54,ND-320S250Z006P
FR0512,5.0,325.16,TD-200E300B006A
FR0512,5.0,325.16,TD-200E300B006K
FR0512,5.0,325.16,TDC200E300B006K
FR0515,5.0,190.55,NQ-500E500C024A
FR0515,5.0,190.55,TQ-500E500C024A
FR0515,5.0,190.55,TQ-500E500C024K
FR0517,5.0,221.1,NQ-400E750B036A
FR0518,3.0,405.76,TD-200E200B008D
FR0518,3.0,405.76,TD-200E200B008P
FR0520,2.0,356.15,TQ-300E300B016D
FR0520,2.0,356.15,TQ-300E300B016P
FR0520,3.0,269.41,TQ-300E300B016D
FR0520,3.0,269.41,TQ-300E300B016P
FR0521,3.0,228.17,ND-700M500R006P
FR0521,3.0,228.17,ND-700S500R006P
FR0521,3.0,228.17,TD-700S500R006P
FR0524,5.0,204.88,ND-300E300B010A
FR0532,5.0,148.11,MQ-900E900B064A
FR0532,5.0,148.11,NQ-900E900B064A
FR0532,5.0,148.11,NQ-900E900B064K
FR0543,5.0,313.92,TD-300E300B008A
FR0543,5.0,313.92,TD-300E300B008K
FR0551,5.0,302.15,TD-200E200M008A
FR0551,5.0,302.15,TD-200E200M008K
FR0551,5.0,302.15,TDC200E200M008K
FR0574,3.0,193.5,ND-500E600G008D
FR0574,3.0,193.5,ND-500E600G008P
FR0576,5.0,192.69,TD-450E400E008A
FR0576,5.0,192.69,TD-450M400E008A
FR0576,5.0,192.69,TDC450E400E008A
FR0576,5.0,192.69,TDC450M400E008A
FR0598,3.0,280.61,NDC600E800G008A
FR0598,3.0,280.61,TD-600E800G008A
FR0598,3.0,280.61,TDC600E800G008A
FR0598,3.0,280.61,TDC600E800G008K
FR0598,5.0,194.68,NDC600E800G008A
FR0598,5.0,194.68,TD-600E800G008A
FR0598,5.0,194.68,TDC600E800G008A
FR0598,5.0,194.68,TDC600E800G008K
FR0604,5.0,275.25,MD-200E300B006A
FR0604,5.0,275.25,TD-200E300B006A
FR0604,5.0,275.25,TD-200E300B006K
FR0606,5.0,247.4,TQ-400E700B036A
FR0617,5.0,188.76,TQ-600E600B040A
FR0617,5.0,188.76,TQ-600E600B040K
FR0617,5.0,188.76,TQ-600M600B040A
FR0617,5.0,188.76,TQ-600M600B040K
FR0618,5.0,207.77,NQ-600E6001032A
FR0618,5.0,207.77,NQ-600E6001032E
FR0618,5.0,207.77,NQ-600E600C032A
FR0618,5.0,207.77,NQ-600E600C032E
FR0618,5.0,207.77,NQ-600E600C032U
FR0618,5.0,207.77,NQ-600M600C032A
FR0618,5.0,207.77,NQ-600M600X032A
FR0618,5.0,207.77,NQ-600M600X032E
FR0618,5.0,207.77,NQC600E6001032E
FR0618,5.0,207.77,NQC600E600C032A
FR0618,5.0,207.77,NQC600E600C032E
FR0624,3.0,156.88,NQ-800E800B056D
FR0624,3.0,156.88,NQ-800E800B056P
FR0624,3.0,156.88,NQC800E800B056P
FR0624,3.0,156.88,TQ-800E800B056P
FR0630,3.0,485.44,NQ-500E500C024A
FR0630,3.0,485.44,NQ-500E500C024K
FR0630,3.0,485.44,NQ-500E500X024A
FR0630,3.0,485.44,NQ-500E500X024K
FR0630,3.0,485.44,NQ-500E500X024U
FR0643,5.0,197.98,NQ-500E5001032A
FR0643,5.0,197.98,NQ-500E500B032A
FR0643,5.0,197.98,NQ-500E500B032K
FR0643,5.0,197.98,NQ-500E500B032U
FR0643,5.0,197.98,NQ-500S500B032A
FR0643,5.0,197.98,NQ-500S500X032A
FR0643,5.0,197.98,NQC500E5001032A
FR0643,5.0,197.98,NQC500E500B032A
FR0643,5.0,197.98,NQC500E500B032K
FR0643,5.0,197.98,NQC500E500B032U
FR0643,5.0,197.98,TQ-500E500B032A
FR0643,5.0,197.98,TQ-500E500X032A
FR0643,5.0,197.98,TQ-500M500B032A
FR0643,5.0,197.98,TQC500E500B032A
FR0643,5.0,197.98,TQC500E500B032K
FR0654,5.0,334.45,ND-400E400C012A
FR0654,5.0,334.45,ND-400E400X012A
FR0654,5.0,334.45,ND-400E400X012K
FR0663,5.0,162.18,TQ-700MB00B064A
FR0663,5.0,162.18,TQ-700MB00B064K
FR0691,5.0,134.56,NQ-900E900B064A
FR0691,5.0,134.56,NQC900E900B064A
FR0691,5.0,134.56,NQC900E900B064K
FR0694,3.0,391.65,TD-200S160Z004D
FR0694,3.0,391.65,TD-200S160Z004P
FR0695,3.0,331.12,ND-280E160D004A
FR0695,3.0,331.12,ND-280E160D004K
FR0695,3.0,331.12,ND-280Z160D004A
FR0695,3.0,331.12,NDC280E160D004K
FR0695,3.0,331.12,NDE280E160D004A
FR0695,3.0,331.12,NDE280E160D004K
FR0695,3.0,331.12,NDF280E160D004A
FR0695,3.0,331.12,NDF280E160D004K
FR0695,3.0,331.12,NDG280E160D004K
FR0695,5.0,261.38,ND-280E160D004A
FR0695,5.0,261.38,ND-280E160D004K
FR0695,5.0,261.38,ND-280Z160D004A
FR0695,5.0,261.38,NDC280E160D004K
FR0695,5.0,261.38,NDE280E160D004A
FR0695,5.0,261.38,NDE280E160D004K
FR0695,5.0,261.38,NDF280E160D004A
FR0695,5.0,261.38,NDF280E160D004K
FR0695,5.0,261.38,NDG280E160D004K
FR0699,3.0,512.0,MQC500E5001032A
FR0699,3.0,512.0,NQ-500E500B032A
FR0699,3.0,512.0,NQ-500E500B032K
FR0699,3.0,512.0,NQ-500E500X032A
FR0699,3.0,512.0,NQ-500S5001032A
FR0699,3.0,512.0,NQ-500S500B032A
FR0699,3.0,512.0,NQ-500S500X032A
FR0699,3.0,512.0,NQC500E5001032A
FR0699,3.0,512.0,NQC500E500B032A
FR0699,5.0,200.28,MQC500E5001032A
FR0699,5.0,200.28,NQ-500E500B032A
FR0699,5.0,200.28,NQ-500E500B032K
FR0699,5.0,200.28,NQ-500E500X032A
FR0699,5.0,200.28,NQ-500S5001032A
FR0699,5.0,200.28,NQ-500S500B032A
FR0699,5.0,200.28,NQ-500S500X032A
FR0699,5.0,200.28,NQC500E5001032A
FR0699,5.0,200.28,NQC500E500B032A
FR0712,3.0,201.78,NQC700E700B048P
FR0712,3.0,201.78,NQC700E700B048Y
FR0712,3.0,201.78,TQC700E700B048P
FR0715,5.0,138.39,NQ-A00EA00B072A
FR0715,5.0,138.39,NQ-A00EA00B072K
FR0715,5.0,138.39,NQCA00EA00B072A
FR0720,3.0,216.9,MQ-400E400B024P
FR0720,3.0,216.9,NQ-400E400B024P
FR0720,3.0,216.9,NQC400E400B024P
FR0720,3.0,216.9,TQ-400E400B024P
FR0720,3.0,216.9,TQ-400M400B024P
FR0720,3.0,216.9,TQC400E400B024D
FR0720,3.0,216.9,TQC400E400B024P
FR0720,3.0,216.9,TQC500E500B032P
FR0726,5.0,287.06,NQ-300E3001020A
FR0726,5.0,287.06,NQ-300E300B020A
FR0726,5.0,287.06,TQ-300E300B020A
FR0726,5.0,287.06,TQ-300E300B020K
FR0726,5.0,287.06,TQC300E300B020A
FR0726,5.0,287.06,TQC300E300B020K
FR0728,5.0,263.32,NQ-600E6001032A
FR0728,5.0,263.32,NQ-600E6001032E
FR0728,5.0,263.32,NQ-600E6001032U
FR0728,5.0,263.32,NQ-600E600C032A
FR0728,5.0,263.32,NQ-600E600C032E
FR0728,5.0,263.32,NQ-600E600C032U
FR0728,5.0,263.32,NQC600E6001032U
FR0728,5.0,263.32,NQC600E600C032A
FR0728,5.0,263.32,NQC600E600C032E
FR0728,5.0,263.32,NQC600E600C032U
FR0736,3.0,170.26,MQC900S900B064D
FR0736,3.0,170.26,NQ-900E900B064D
FR0736,3.0,170.26,NQ-900E900B064P
FR0736,3.0,170.26,NQC900E900B064D
FR0736,3.0,170.26,NQC900E900B064P
FR0736,3.0,170.26,TQC900E900B064P
FR0737,3.0,385.44,TD-200E200C006D
FR0737,3.0,385.44,TD-200E200C006P
FR0737,3.0,385.44,TDC200E200C006D
FR0737,3.0,385.44,TDC200E200C006P
FR0738,3.0,184.87,NQ-700E700B048D
FR0738,3.0,184.87,NQ-700E700B048P
FR0738,3.0,184.87,NQ-700M700B048D
FR0738,3.0,184.87,NQ-700M700B048P
FR0738,3.0,184.87,NQC700E700B048B
FR0738,3.0,184.87,NQC700E700B048D
FR0738,3.0,184.87,NQC700E700B048P
FR0738,3.0,184.87,TQC700E700B048P
FR0751,5.0,249.17,NQ-500E5001032A
FR0751,5.0,249.17,NQ-500E5001032E
FR0751,5.0,249.17,NQ-500E5001032U
FR0751,5.0,249.17,NQ-500E500B032A
FR0751,5.0,249.17,NQ-500E500B032E
FR0751,5.0,249.17,NQ-500E500B032K
FR0751,5.0,249.17,NQ-500E500B032U
FR0751,5.0,249.17,NQ-500E500X032E
FR0751,5.0,249.17,NQ-500M5001032A
FR0751,5.0,249.17,NQ-500M5001032E
FR0751,5.0,249.17,NQ-500M5001032U
FR0751,5.0,249.17,NQ-500M500B032A
FR0751,5.0,249.17,NQ-500M500B032U
FR0751,5.0,249.17,NQ-500M500X032A
FR0751,5.0,249.17,NQ-500M500X032E
FR0751,5.0,249.17,NQC500E5001032A
FR0751,5.0,249.17,NQC500E5001032E
FR0751,5.0,249.17,NQC500E5001032U
FR0751,5.0,249.17,NQC500E5001032Z
FR0751,5.0,249.17,NQC500E500B032A
FR0751,5.0,249.17,NQC500E500B032E
FR0751,5.0,249.17,NQC500E500B032K
FR0751,5.0,249.17,NQC500E500B032U
FR0751,5.0,249.17,NQC500E500X032U
FR0751,5.0,249.17,NQC500M500B032A
FR0751,5.0,249.17,TQ-500E500B032A
FR0751,5.0,249.17,TQC500E500B032U
FR0752,1.0,458.35,TD-200E200M008A
FR0752,1.0,458.35,TD-200E200M008K
FR0752,1.0,458.35,TD-200E200M008P
FR0752,3.0,386.02,TD-200E200M008A
FR0752,3.0,386.02,TD-200E200M008K
FR0752,3.0,386.02,TD-200E200M008P
FR0755,5.0,217.94,TQ-400E600A038A
FR0755,5.0,217.94,TQ-400E600A038K
FR0770,5.0,157.1,TQ-700E800B052A
FR0770,5.0,157.1,TQ-700M800B052A
FR0770,5.0,157.1,TQ-700M800B052K
FR0773,3.0,207.24,ND-400E3001012A
FR0773,3.0,207.24,ND-400E300B012A
FR0773,3.0,207.24,NDC400E3001012A
FR0773,3.0,207.24,NDC400E3001012K
FR0773,3.0,207.24,NDC400E300B012A
FR0773,3.0,207.24,NDC400E300B012K
FR0773,5.0,254.84,ND-400E3001012A
FR0773,5.0,254.84,ND-400E300B012A
FR0773,5.0,254.84,NDC400E3001012A
FR0773,5.0,254.84,NDC400E3001012K
FR0773,5.0,254.84,NDC400E300B012A
FR0773,5.0,254.84,NDC400E300B012K
FR0784,3.0,260.87,MQ-300S300B016P
FR0784,3.0,260.87,MQC300S300B016P
FR0784,3.0,260.87,NQ-300E300B016D
FR0784,3.0,260.87,NQ-300E300B016P
FR0784,3.0,260.87,NQC300E300B016D
FR0784,3.0,260.87,NQC300E300B016P
FR0784,3.0,260.87,TQ-300E300B016D
FR0784,3.0,260.87,TQ-300E300B016P
FR0784,3.0,260.87,TQC300E300B016D
FR0784,3.0,260.87,TQC300E300B016P
FR0785,0.0,426.09,MQ-400E4001024A
FR0785,0.0,426.09,MQ-400E4001024K
FR0785,0.0,426.09,NQ-400E4001024A
FR0785,0.0,426.09,NQ-400E4001024K
FR0785,0.0,426.09,NQ-400E400B024A
FR0785,0.0,426.09,NQ-400E400X024A
FR0785,0.0,426.09,NQ-400E400X024K
FR0785,0.0,426.09,NQC400E4001024A
FR0785,3.0,460.17,MQ-400E4001024A
FR0785,3.0,460.17,MQ-400E4001024K
FR0785,3.0,460.17,NQ-400E4001024A
FR0785,3.0,460.17,NQ-400E4001024K
FR0785,3.0,460.17,NQ-400E400B024A
FR0785,3.0,460.17,NQ-400E400X024A
FR0785,3.0,460.17,NQ-400E400X024K
FR0785,3.0,460.17,NQC400E4001024A
FR0785,5.0,205.51,MQ-400E4001024A
FR0785,5.0,205.51,MQ-400E4001024K
FR0785,5.0,205.51,NQ-400E4001024A
FR0785,5.0,205.51,NQ-400E4001024K
FR0785,5.0,205.51,NQ-400E400B024A
FR0785,5.0,205.51,NQ-400E400X024A
FR0785,5.0,205.51,NQ-400E400X024K
FR0785,5.0,205.51,NQC400E4001024A
FR0798,5.0,189.44,TQ-500M600A042A
FR0799,5.0,231.2,TQ-300E500B024A
FR0799,5.0,231.2,TQ-300E500B024K
FR0800,3.0,291.12,TDC300M300C008P
FR0800,3.0,291.12,TDW300E300C008P
FR0800,3.0,291.12,TDW300M300C008P
FR0806,5.0,132.66,NQ-900E900B064A
FR0806,5.0,132.66,NQ-900E900B064K
FR0806,5.0,132.66,NQC900E900B064A
FR0806,5.0,132.66,NQC900E900B064K
FR0810,5.0,159.5,TQ-700E700B048A
FR0810,5.0,159.5,TQ-700E700B048K
FR0814,5.0,417.67,TD-200E200B008C
FR0823,5.0,174.42,TQ-700E800B052A
FR0823,5.0,174.42,TQ-700E800B052K
FR0860,3.0,534.2,NQ-500E500B032A
FR0860,3.0,534.2,TQ-500E500B032A
FR0860,3.0,534.2,TQ-500E500X032A
FR0860,5.0,330.52,NQ-500E500B032A
FR0860,5.0,330.52,TQ-500E500B032A
FR0860,5.0,330.52,TQ-500E500X032A
FR0868,3.0,282.7,MQD400E650Z022C
FR0868,3.0,282.7,MQD400E650Z022N
FR0873,3.0,257.77,MQD400E450Z018C
FR0875,3.0,159.71,NQ-700E700A056P
FR0875,3.0,159.71,NQC700E700A056P
FR0884,3.0,270.65,NQ-400E400A032P
FR0884,3.0,270.65,NQC400E400A032D
FR0884,3.0,270.65,NQC400E400A032P
FR0888,3.0,196.16,NQ-500E500B032D
FR0888,3.0,196.16,NQ-500E500B032P
FR0888,3.0,196.16,NQC500E500B032D
FR0888,3.0,196.16,NQC500E500B032P
FR0890,3.0,233.85,NQ-400E400B024D
FR0890,3.0,233.85,NQ-400E400B024P
FR0890,3.0,233.85,NQC400E400B024B
FR0890,3.0,233.85,NQC400E400B024D
FR0890,3.0,233.85,NQC400E400B024P
FR0890,3.0,233.85,TQ-400E400B024D
FR0890,3.0,233.85,TQ-400E400B024P
FR0898,3.0,235.5,NQ-500E500B028D
FR0898,3.0,235.5,NQ-500E500B028P
FR0898,3.0,235.5,NQC500E500B028P
FR0918,1.0,314.76,NQ-400E400C016P
FR0918,1.0,314.76,NQC400E400C016P
FR0928,3.0,174.83,NQC500E500A040D
FR0928,3.0,174.83,NQC500E500A040P
FR0928,3.0,174.83,TQ-500E500A040D
FR0928,3.0,174.83,TQ-500E500A040P
FR0928,3.0,174.83,TQC500E500A040P
FR0928,3.0,174.83,TQW500E500A040P
FR0929,3.0,205.66,MQ-600M600B040B
FR0929,3.0,205.66,NQ-600E600B040D
FR0929,3.0,205.66,NQ-600E600B040P
FR0929,3.0,205.66,NQC600E600B040D
FR0929,3.0,205.66,NQC600E600B040P
FR0929,3.0,205.66,NQW600E600B040D
FR0929,3.0,205.66,NQW600E600B040P
FR0930,3.0,166.82,NQ-900E900B064D
FR0930,3.0,166.82,NQ-900E900B064P
FR0930,3.0,166.82,NQ-900S900B064P
FR0930,3.0,166.82,NQC900E900B064D
FR0930,3.0,166.82,NQC900E900B064P
FR0930,3.0,166.82,NQW900E900B064D
FR0930,3.0,166.82,NQW900E900B064P
FR0934,3.0,519.0,NQ-500E500C024A
FR0934,3.0,519.0,NQ-500E500X024A
FR0934,3.0,519.0,NQ-500E500X024K
FR0939,5.0,210.66,NQ-400E400B020A
FR0939,5.0,210.66,TQ-400E400B020A
FR0939,5.0,210.66,TQ-400E400B020K
FR0940,3.0,200.82,MD-500M500B018P
FR0940,3.0,200.82,MQ-500D500B018P
FR0940,3.0,200.82,ND-500M500B018P
FR0942,3.0,227.6,NQ-400E4001020A
FR0942,3.0,227.6,NQ-400E400B020A
FR0942,3.0,227.6,TQ-400E4001020A
FR0942,3.0,227.6,TQC400E400B020A
FR0942,5.0,230.29,NQ-400E4001020A
FR0942,5.0,230.29,NQ-400E400B020A
FR0942,5.0,230.29,TQ-400E4001020A
FR0942,5.0,230.29,TQC400E400B020A
FR0943,5.0,236.16,TQ-400E4001024A
FR0943,5.0,236.16,TQ-400E400B024A
FR0943,5.0,236.16,TQC400E400B024A
FR0944,5.0,172.57,NQ-500E5001028A
FR0944,5.0,172.57,NQ-500E500B028A
FR0944,5.0,172.57,NQC500E500B028A
FR0945,5.0,196.99,NQ-500E5001032A
FR0945,5.0,196.99,NQ-500E500B032A
FR0945,5.0,196.99,NQC500E5001032A
FR0945,5.0,196.99,NQC500E500B032A
FR0958,3.0,232.27,NQ-400E400B020D
FR0958,3.0,232.27,NQ-400E400B020P
FR0958,3.0,232.27,NQC400E400B020D
FR0967,3.0,596.46,ND-500E400B014A
FR0967,3.0,596.46,ND-500E400X014A
FR0967,3.0,596.46,ND-500M400X014A
FR0968,5.0,158.51,NQ-600E600B036A
FR0968,5.0,158.51,NQ-600E600B036K
FR0968,5.0,158.51,NQ-600S600B036A
FR0969,5.0,210.81,MQC700E700B048A
FR0969,5.0,210.81,NQ-700E700B048A
FR0969,5.0,210.81,NQ-700E700B048K
FR0969,5.0,210.81,NQC700E700B048A
FR0969,5.0,210.81,NQC700E700B048K
FR0969,5.0,210.81,TQ-700E7001048A
FR0969,5.0,210.81,TQ-700E700B048A
FR0969,5.0,210.81,TQ-700E700B048K
FR0969,5.0,210.81,TQC700E700B048K
FR0973,3.0,726.47,ND-300E300C008A
FR0973,3.0,726.47,ND-300E300X008A
FR0973,3.0,726.47,ND-300E300X008K
FR0973,3.0,726.47,ND-300E300X008U
FR0979,3.0,338.51,TQ-300E300B016A
FR0979,3.0,338.51,TQ-300E300B016K
FR0979,3.0,338.51,TQC300E300B016K
FR0986,3.0,225.87,MQD415E600Z015C
FR0986,3.0,225.87,MQD415E600Z015N
FR0987,3.0,125.56,MQ-A00EA00B072D
FR0987,3.0,125.56,MQ-A00EA00B072P
FR0987,3.0,125.56,MQ-A00MA00B072D
FR0987,3.0,125.56,MQ-A00MA00B072P
FR0987,3.0,125.56,NQ-A00EA00B072P
FR0987,3.0,125.56,NQ-A00MA00B072P
FR0987,3.0,125.56,NQCA00EA00B072P
FR0989,3.0,213.85,NQ-700E7001048A
FR0989,3.0,213.85,NQ-700E7001048K
FR0989,3.0,213.85,NQ-700E700B048A
FR0989,3.0,213.85,NQC700E7001048A
FR0989,3.0,213.85,NQC700E7001048K
FR0989,3.0,213.85,TQ-700E700B048A
FR0989,5.0,157.92,NQ-700E7001048A
FR0989,5.0,157.92,NQ-700E7001048K
FR0989,5.0,157.92,NQ-700E700B048A
FR0989,5.0,157.92,NQC700E7001048A
FR0989,5.0,157.92,NQC700E7001048K
FR0989,5.0,157.92,TQ-700E700B048A
FR1005,5.0,207.05,TQ-500E600B036A
FR1005,5.0,207.05,TQ-500E600B036K
FR1007,5.0,329.3,NQC300E300B016A
FR1009,3.0,215.65,ND-300E300B010A
FR1009,3.0,215.65,TD-300E3001010A
FR1009,3.0,215.65,TD-300E3001010K
FR1009,3.0,215.65,TQ-300E3001016A
FR1009,5.0,263.51,ND-300E300B010A
FR1009,5.0,263.51,TD-300E3001010A
FR1009,5.0,263.51,TD-300E3001010K
FR1009,5.0,263.51,TQ-300E3001016A
FR1010,5.0,261.7,ND-200E300B008A
FR1010,5.0,261.7,ND-200E300B008K
FR1010,5.0,261.7,NDC200E300B008A
FR1027,3.0,572.52,TD-150E150B006P
FR1027,3.0,572.52,TDC150E150B006D
FR1027,3.0,572.52,TDC150E150B006P
FR1033,3.0,250.74,NQ-500E500B032P
FR1033,3.0,250.74,NQC500E500B032P
FR1033,3.0,250.74,TQC500E500B032P
FR1035,5.0,234.67,NQ-400E400C016A
FR1035,5.0,234.67,NQ-400E400C016K
FR1048,5.0,273.44,NQ-400E5001022C
FR1048,5.0,273.44,NQ-400E500B022C
FR1051,0.0,661.71,ND-300E300B010A
FR1051,0.0,661.71,ND-300E300B010K
FR1051,0.0,661.71,ND-300E300X010A
FR1051,3.0,650.93,ND-300E300B010A
FR1051,3.0,650.93,ND-300E300B010K
FR1051,3.0,650.93,ND-300E300X010A
FR1055,3.0,206.46,NQ-700E700B048A
FR1055,3.0,206.46,NQ-700E700X048A
FR1055,3.0,206.46,NQ-700E700X048K
FR1056,5.0,315.98,ND-200E200B008A
FR1056,5.0,315.98,NDC200E200B008A
FR1056,5.0,315.98,NDC200E200B008K
FR1077,5.0,173.0,TQ-400E700A044A
FR1082,5.0,151.07,MQC700E700B048A
FR1082,5.0,151.07,NQ-700E700B048A
FR1082,5.0,151.07,NQ-700E700X048A
FR1082,5.0,151.07,NQC700E700B048A
FR1082,5.0,151.07,NQC700E700B048K
FR1083,5.0,229.0,NDC300E300B008A
FR1083,5.0,229.0,NDC300E300B008U
FR1083,5.0,229.0,TD-300E300B008A
FR1084,5.0,215.21,NQ-600E600B040A
FR1084,5.0,215.21,NQ-600E600B040K
FR1084,5.0,215.21,NQC600E600B040A
FR1086,3.0,280.26,NQ-700Z700A056T
FR1086,3.0,280.26,NQ-700Z700Z056T
FR1086,3.0,280.26,NQ-700Z700Z088T
FR1086,3.0,280.26,NQ-800Z800Z100T
FR1086,3.0,280.26,SOIC-28XXXXNXXX
FR1086,3.0,280.26,SOICW24XXXXNXXX
FR1086,3.0,280.26,TD-200E2001008A
FR1086,3.0,280.26,TD-200E2001008K
FR1086,3.0,280.26,TD-200E200B008A
FR1086,3.0,280.26,TD-200E200B008K
FR1086,3.0,280.26,TDC200E2001008A
FR1086,3.0,280.26,TDC200E2001008K
FR1086,3.0,280.26,TQFB064XXXXEXXT
FR1086,3.0,280.26,TQFB064XXXXXSDT
FR1086,3.0,280.26,ZB-G0-1G0361BFT
FR1086,5.0,290.65,NQ-700Z700A056T
FR1086,5.0,290.65,NQ-700Z700Z056T
FR1086,5.0,290.65,NQ-700Z700Z088T
FR1086,5.0,290.65,NQ-800Z800Z100T
FR1086,5.0,290.65,SOIC-28XXXXNXXX
FR1086,5.0,290.65,SOICW24XXXXNXXX
FR1086,5.0,290.65,TD-200E2001008A
FR1086,5.0,290.65,TD-200E2001008K
FR1086,5.0,290.65,TD-200E200B008A
FR1086,5.0,290.65,TD-200E200B008K
FR1086,5.0,290.65,TDC200E2001008A
FR1086,5.0,290.65,TDC200E2001008K
FR1086,5.0,290.65,TQFB064XXXXEXXT
FR1086,5.0,290.65,TQFB064XXXXXSDT
FR1086,5.0,290.65,ZB-G0-1G0361BFT
FR1088,5.0,413.0,ND-200E200B008A
FR1088,5.0,413.0,TD-200E200B008A
FR1088,5.0,413.0,TD-200E200B008K
FR1088,5.0,413.0,TDC200E200B008A
FR1091,5.0,202.52,NQ-500E500D016A
FR1091,5.0,202.52,NQ-500E500D016K
FR1091,5.0,202.52,NQC500E500D016A
FR1091,5.0,202.52,NQC500E500D016K
FR1093,5.0,268.12,NQ-300E3001016A
FR1093,5.0,268.12,NQ-300E300B016A
FR1093,5.0,268.12,NQ-300E300X016A
FR1095,3.0,226.57,TQ-600M600B036P
FR1095,3.0,226.57,TQC600E600B036P
FR1095,3.0,226.57,TQC600M600B036D
FR1095,3.0,226.57,TQC600M600B036P
FR1114,5.0,221.99,ND-400E300B014A
FR1114,5.0,221.99,NDC400E300B014A
FR1120,5.0,241.57,ND-350E430C008A
FR1124,3.0,342.38,TQ-400E4001020A
FR1124,3.0,342.38,TQ-400E4001020K
FR1124,3.0,342.38,TQC400E4001020A
FR1124,3.0,342.38,TQC400E4001020K
FR1124,5.0,195.31,TQ-400E4001020A
FR1124,5.0,195.31,TQ-400E4001020K
FR1124,5.0,195.31,TQC400E4001020A
FR1124,5.0,195.31,TQC400E4001020K
FR1125,3.0,267.17,TQ-400E4001016A
FR1125,5.0,326.77,TQ-400E4001016A
FR1128,0.0,389.5,NQ-500E500A040A
FR1128,0.0,389.5,NQC500E500A040A
FR1128,5.0,188.08,NQ-500E500A040A
FR1128,5.0,188.08,NQC500E500A040A
FR1134,3.0,194.98,NQ-500E500B032P
FR1134,3.0,194.98,NQ-500S500B032P
FR1134,3.0,194.98,NQC500E500B032D
FR1134,3.0,194.98,NQC500E500B032P
FR1134,3.0,194.98,TQ-500M500B032P
FR1134,3.0,194.98,TQC500M500B032P
FR1136,5.0,276.0,ND-300E3001010A
FR1136,5.0,276.0,ND-300E3001010K
FR1136,5.0,276.0,NDC300E300B010A
FR1136,5.0,276.0,NDC300E300B010K
FR1138,3.0,337.41,TQ-300E3001012C
FR1138,3.0,337.41,TQ-300E3001012N
FR1138,5.0,294.32,TQ-300E3001012C
FR1138,5.0,294.32,TQ-300E3001012N
FR1141,5.0,230.91,NQ-400E4001024A
FR1141,5.0,230.91,NQ-400E400B024A
FR1141,5.0,230.91,NQC400E4001024A
FR1141,5.0,230.91,NQC400E400B024A
FR1141,5.0,230.91,TQ-400E4001024A
FR1141,5.0,230.91,TQ-400E400B024A
FR1141,5.0,230.91,TQC400E4001024A
FR1144,3.0,206.2,NQC700E7001048A
FR1144,3.0,206.2,NQC700E7001048K
FR1144,3.0,206.2,TQ-700E700B048A
FR1144,3.0,206.2,TQC700E700B048A
FR1144,5.0,157.4,NQC700E7001048A
FR1144,5.0,157.4,NQC700E7001048K
FR1144,5.0,157.4,TQ-700E700B048A
FR1144,5.0,157.4,TQC700E700B048A
FR1149,3.0,224.79,NQC700M7001048A
FR1149,3.0,224.79,NQC700M7001048K
FR1149,5.0,128.45,NQC700M7001048A
FR1149,5.0,128.45,NQC700M7001048K
FR1151,3.0,255.11,ND-400E400X012E
FR1151,3.0,255.11,NQ-500E5001028A
FR1151,3.0,255.11,NQC500E5001028A
FR1151,5.0,214.73,ND-400E400X012E
FR1151,5.0,214.73,NQ-500E5001028A
FR1151,5.0,214.73,NQC500E5001028A
FR1152,3.0,272.98,NQ-500E5001032A
FR1152,3.0,272.98,NQ-500E5001032K
FR1152,3.0,272.98,NQC500E5001032A
FR1152,3.0,272.98,NQC500E5001032K
FR1152,5.0,191.7,NQ-500E5001032A
FR1152,5.0,191.7,NQ-500E5001032K
FR1152,5.0,191.7,NQC500E5001032A
FR1152,5.0,191.7,NQC500E5001032K
FR1156,5.0,201.59,NQC500E500B032A
FR1156,5.0,201.59,NQC500E500B032K
FR1156,5.0,201.59,NQC700E700B048U
FR1162,3.0,247.85,NQ-400E4001024A
FR1162,3.0,247.85,NQO400E4001024A
FR1162,3.0,247.85,TQ-400E4001024A
FR1162,3.0,247.85,TQ-400E4001024K
FR1162,3.0,247.85,TQ-400E400B024A
FR1162,3.0,247.85,TQC400E4001024A
FR1162,3.0,247.85,TQC400E4001024K
FR1162,5.0,229.5,NQ-400E4001024A
FR1162,5.0,229.5,NQO400E4001024A
FR1162,5.0,229.5,TQ-400E4001024A
FR1162,5.0,229.5,TQ-400E4001024K
FR1162,5.0,229.5,TQ-400E400B024A
FR1162,5.0,229.5,TQC400E4001024A
FR1162,5.0,229.5,TQC400E4001024K
FR1164,5.0,175.38,NQC800E800B048A
FR1164,5.0,175.38,NQC800E800B048K
FR1168,2.0,223.88,NQ-700E7001048A
FR1168,2.0,223.88,NQC700M7001048A
FR1168,2.0,223.88,NQC700M7001048K
FR1168,3.0,195.54,NQ-700E7001048A
FR1168,3.0,195.54,NQC700M7001048A
FR1168,3.0,195.54,NQC700M7001048K
FR1168,5.0,161.89,NQ-700E7001048A
FR1168,5.0,161.89,NQC700M7001048A
FR1168,5.0,161.89,NQC700M7001048K
FR1170,3.0,286.0,TD-170E2501002A
FR1170,3.0,286.0,TD-170E2501002K
FR1170,5.0,296.5,TD-170E2501002A
FR1170,5.0,296.5,TD-170E2501002K
FR1171,3.0,215.11,NQ-600E600B040P
FR1171,3.0,215.11,NQC600E600B040B
FR1171,3.0,215.11,TQC600E600B040P
FR1177,5.0,139.4,TQ-500E800Z040A
FR1177,5.0,139.4,TQ-500E800Z040K
FR1178,3.0,180.94,NQC600M800B040D
FR1178,3.0,180.94,NQC600M800B040P
FR1182,5.0,333.77,TD-200E2001006A
FR1182,5.0,333.77,TD-200E200C006A
FR1182,5.0,333.77,TD-200E200C006K
FR1182,5.0,333.77,TD-200E200X006A
FR1182,5.0,333.77,TD-200E200X006K
FR1182,5.0,333.77,TDC200E200C006K
FR1189,3.0,759.69,ND-300E300X008A
FR1189,3.0,759.69,NDC300E300C008A
FR1189,3.0,759.69,NDC300E300C008K
FR1189,3.0,759.69,NDC300E300X008K
FR1190,3.0,269.2,NDC400E300C010P
FR1190,3.0,269.2,NQ-600E400D036T
FR1190,3.0,269.2,NQ-700E700B048A
FR1192,2.0,275.98,NQ-500E5001024A
FR1192,2.0,275.98,NQ-500E5001024K
FR1192,2.0,275.98,NQ-500E500C024A
FR1192,2.0,275.98,NQ-500E500C024K
FR1192,2.0,275.98,NQC500E5001024K
FR1192,2.0,275.98,NQC500E5001024U
FR1192,3.0,240.91,NQ-500E5001024A
FR1192,3.0,240.91,NQ-500E5001024K
FR1192,3.0,240.91,NQ-500E500C024A
FR1192,3.0,240.91,NQ-500E500C024K
FR1192,3.0,240.91,NQC500E5001024K
FR1192,3.0,240.91,NQC500E5001024U
FR1192,5.0,185.29,NQ-500E5001024A
FR1192,5.0,185.29,NQ-500E5001024K
FR1192,5.0,185.29,NQ-500E500C024A
FR1192,5.0,185.29,NQ-500E500C024K
FR1192,5.0,185.29,NQC500E5001024K
FR1192,5.0,185.29,NQC500E5001024U
FR1194,3.0,223.09,MQ-500D500B032P
FR1194,3.0,223.09,MQC500D500B032P
FR1194,3.0,223.09,NQ-500E500B032B
FR1194,3.0,223.09,NQ-500E500B032P
FR1194,3.0,223.09,NQC500D500B032P
FR1194,3.0,223.09,NQC500E500B032P
FR1194,3.0,223.09,NQC500M500B032D
FR1194,3.0,223.09,NQC500M500B032P
FR1203,5.0,258.25,TD-300E200B010A
FR1203,5.0,258.25,TD-300E200B010K
FR1204,5.0,235.79,TQC400M3001019A
FR1204,5.0,235.79,TQW400M3001019A
FR1204,5.0,235.79,TQW400M3001019K
FR1212,3.0,292.03,NQ-350E4501020A
FR1212,3.0,292.03,NQ-350M4501020A
FR1212,3.0,292.03,NQC350E4501020A
FR1212,3.0,292.03,NQC350E4501020K
FR1212,5.0,241.16,NQ-350E4501020A
FR1212,5.0,241.16,NQ-350M4501020A
FR1212,5.0,241.16,NQC350E4501020A
FR1212,5.0,241.16,NQC350E4501020K
FR1217,3.0,277.29,NQ-400E3501014C
FR1217,3.0,277.29,NQ-400E4501026C
FR1217,3.0,277.29,NQ-400E4501026N
FR1217,3.0,277.29,NQ-400E450B026C
FR1217,5.0,219.78,NQ-400E3501014C
FR1217,5.0,219.78,NQ-400E4501026C
FR1217,5.0,219.78,NQ-400E4501026N
FR1217,5.0,219.78,NQ-400E450B026C
FR1219,5.0,185.09,ND-330E330C006A
FR1219,5.0,185.09,ND-330E330X006A
FR1224,5.0,213.73,TQC400E400B024A
FR1224,5.0,213.73,TQC400E400B024K
FR1226,5.0,282.2,NQ-500E5001032A
FR1226,5.0,282.2,NQC500E5001032A
FR1226,5.0,282.2,NQC500E5001032K
FR1226,5.0,282.2,NQC500E500X032A
FR1226,5.0,282.2,NQC500E500X032U
FR1228,5.0,177.9,TQC500EB00B056A
FR1228,5.0,177.9,TQC500EB00B056K
FR1229,3.0,159.83,NQ-600E600B040D
FR1229,3.0,159.83,NQ-600E600B040P
FR1229,3.0,159.83,NQC600E600B040D
FR1229,3.0,159.83,NQC600E600B040P
FR1230,1.0,189.65,TD-300M200B010P
FR1230,1.0,189.65,TDC300M200B010D
FR1230,1.0,189.65,TDC300M200B010P
FR1230,3.0,348.75,TD-300M200B010P
FR1230,3.0,348.75,TDC300M200B010D
FR1230,3.0,348.75,TDC300M200B010P
FR1234,3.0,282.61,NQ-400E450B026F
FR1234,3.0,282.61,NQ-400E450B026M
FR1239,3.0,340.0,TQ-300E4001018C
FR1239,3.0,340.0,TQ-300E4001018N
FR1239,3.0,340.0,TQ-300E400B018C
FR1239,5.0,230.91,TQ-300E4001018C
FR1239,5.0,230.91,TQ-300E4001018N
FR1239,5.0,230.91,TQ-300E400B018C
FR1246,5.0,277.68,ND-450E3001014A
FR1246,5.0,277.68,NDC450D3001014K
FR1246,5.0,277.68,NDC450E3001014A
FR1246,5.0,277.68,NDC450E3001014K
FR1246,5.0,277.68,NDC450E300C014A
FR1246,5.0,277.68,NDC450E300C014K
FR1247,5.0,284.87,ND-300E3001008U
FR1247,5.0,284.87,NDC300E3001008A
FR1247,5.0,284.87,NDC300E3001008E
FR1247,5.0,284.87,NDC300E3001008K
FR1247,5.0,284.87,TD-300M300C008A
FR1247,5.0,284.87,TD-300S300C008A
FR1248,5.0,306.1,ND-300E3001006A
FR1248,5.0,306.1,ND-300E300E006A
FR1248,5.0,306.1,NDC300E3001006U
FR1252,2.0,311.16,TD-200E2001008A
FR1252,2.0,311.16,TD-200E2001008K
FR1252,2.0,311.16,TD-200E200B008A
FR1252,2.0,311.16,TDC200E2001008K
FR1252,2.0,311.16,TDC200E200B008K
FR1252,2.0,311.16,TDC200E200B008U
FR1252,3.0,254.33,TD-200E2001008A
FR1252,3.0,254.33,TD-200E2001008K
FR1252,3.0,254.33,TD-200E200B008A
FR1252,3.0,254.33,TDC200E2001008K
FR1252,3.0,254.33,TDC200E200B008K
FR1252,3.0,254.33,TDC200E200B008U
FR1252,5.0,312.87,TD-200E2001008A
FR1252,5.0,312.87,TD-200E2001008K
FR1252,5.0,312.87,TD-200E200B008A
FR1252,5.0,312.87,TDC200E2001008K
FR1252,5.0,312.87,TDC200E200B008K
FR1252,5.0,312.87,TDC200E200B008U
FR1255,5.0,221.9,ND-400E400D010A
FR1255,5.0,221.9,ND-400E400D010K
FR1258,3.0,233.36,ND-450D3001014A
FR1258,3.0,233.36,ND-450D3001014K
FR1258,3.0,233.36,ND-450E3001014A
FR1258,3.0,233.36,ND-450E3001014K
FR1258,5.0,215.71,ND-450D3001014A
FR1258,5.0,215.71,ND-450D3001014K
FR1258,5.0,215.71,ND-450E3001014A
FR1258,5.0,215.71,ND-450E3001014K
FR1263,3.0,198.54,NQ-700E7001048A
FR1263,3.0,198.54,NQC700E7001048A
FR1263,3.0,198.54,NQC700E7001048K
FR1263,3.0,198.54,NQC700E7001048U
FR1263,3.0,198.54,TQ-700E7001048A
FR1263,5.0,160.93,NQ-700E7001048A
FR1263,5.0,160.93,NQC700E7001048A
FR1263,5.0,160.93,NQC700E7001048K
FR1263,5.0,160.93,NQC700E7001048U
FR1263,5.0,160.93,TQ-700E7001048A
FR1264,5.0,165.93,TQ-500E800A052A
FR1264,5.0,165.93,TQ-500M800A052A
FR1264,5.0,165.93,TQ-500M800A052K
FR1266,5.0,224.95,TD-500E400B016A
FR1266,5.0,224.95,TD-500E400B016K
FR1266,5.0,224.95,TD-500S400B016A
FR1266,5.0,224.95,TDC500E400B016K
FR1269,5.0,263.56,MQ-300E3001016A
FR1269,5.0,263.56,MQ-300E3001016K
FR1269,5.0,263.56,NQ-300E3001016A
FR1269,5.0,263.56,NQ-300E3001016K
FR1269,5.0,263.56,NQ-300E300B016A
FR1277,5.0,293.82,TQC500E5001028A
FR1277,5.0,293.82,TQC500E5001028E
FR1278,3.0,260.02,TQ-400E4001020A
FR1278,3.0,260.02,TQ-400E4001020K
FR1278,5.0,210.49,TQ-400E4001020A
FR1278,5.0,210.49,TQ-400E4001020K
FR1279,5.0,269.58,MQC400E400B020E
FR1279,5.0,269.58,TQC400E4001020A
FR1279,5.0,269.58,TQC400E4001020E
FR1279,5.0,269.58,TQC400E400B020A
FR1279,5.0,269.58,TQC400E400B020E
FR1283,5.0,237.11,ND-500E600G008A
FR1283,5.0,237.11,TD-500E600G008A
FR1283,5.0,237.11,TD-500E600G008K
FR1283,5.0,237.11,TD-500S600G008A
FR1285,0.0,665.55,MQC400S400X024A
FR1285,0.0,665.55,NQ-400E4001024K
FR1285,0.0,665.55,NQ-400E400X024A
FR1285,0.0,665.55,NQ-400E400X024U
FR1285,0.0,665.55,NQC400E400B024A
FR1285,0.0,665.55,NQC400E400B024K
FR1285,0.0,665.55,NQC400E400X024A
FR1285,0.0,665.55,NQC400E400X024U
FR1285,0.0,665.55,TQ-400E400B024A
FR1285,0.0,665.55,TQ-400E400B024K
FR1285,3.0,569.92,MQC400S400X024A
FR1285,3.0,569.92,NQ-400E4001024K
FR1285,3.0,569.92,NQ-400E400X024A
FR1285,3.0,569.92,NQ-400E400X024U
FR1285,3.0,569.92,NQC400E400B024A
FR1285,3.0,569.92,NQC400E400B024K
FR1285,3.0,569.92,NQC400E400X024A
FR1285,3.0,569.92,NQC400E400X024U
FR1285,3.0,569.92,TQ-400E400B024A
FR1285,3.0,569.92,TQ-400E400B024K
FR1285,5.0,253.36,MQC400S400X024A
FR1285,5.0,253.36,NQ-400E4001024K
FR1285,5.0,253.36,NQ-400E400X024A
FR1285,5.0,253.36,NQ-400E400X024U
FR1285,5.0,253.36,NQC400E400B024A
FR1285,5.0,253.36,NQC400E400B024K
FR1285,5.0,253.36,NQC400E400X024A
FR1285,5.0,253.36,NQC400E400X024U
FR1285,5.0,253.36,TQ-400E400B024A
FR1285,5.0,253.36,TQ-400E400B024K
FR1287,5.0,295.37,NQ-200E3001012C
FR1297,3.0,198.13,ND-300E3001010A
FR1297,3.0,198.13,ND-300E3001010K
FR1297,3.0,198.13,NDC300E3001010A
FR1297,3.0,198.13,NDC300E3001010K
FR1297,5.0,204.59,ND-300E3001010A
FR1297,5.0,204.59,ND-300E3001010K
FR1297,5.0,204.59,NDC300E3001010A
FR1297,5.0,204.59,NDC300E3001010K
FR1304,3.0,191.34,MDC300E3001008K
FR1304,3.0,191.34,ND-300E3001008A
FR1304,3.0,191.34,ND-300E3001008K
FR1304,3.0,191.34,NDC300E3001008A
FR1304,5.0,258.14,MDC300E3001008K
FR1304,5.0,258.14,ND-300E3001008A
FR1304,5.0,258.14,ND-300E3001008K
FR1304,5.0,258.14,NDC300E3001008A
FR1321,3.0,345.64,NQ-400E4001024A
FR1321,3.0,345.64,NQ-400E4001024K
FR1321,5.0,193.84,NQ-400E4001024A
FR1321,5.0,193.84,NQ-400E4001024K
FR1324,2.0,309.76,TQ-400E4001016A
FR1324,2.0,309.76,TQ-400E4001016K
FR1324,2.0,309.76,TQ-400E400C016A
FR1324,2.0,309.76,TQ-400E400C016K
FR1324,3.0,261.26,TQ-400E4001016A
FR1324,3.0,261.26,TQ-400E4001016K
FR1324,3.0,261.26,TQ-400E400C016A
FR1324,3.0,261.26,TQ-400E400C016K
FR1324,5.0,206.63,TQ-400E4001016A
FR1324,5.0,206.63,TQ-400E4001016K
FR1324,5.0,206.63,TQ-400E400C016A
FR1324,5.0,206.63,TQ-400E400C016K
FR1325,1.0,416.33,TQ-400E400B024P
FR1325,1.0,416.33,TQC400E400B024P
FR1325,3.0,283.83,TQ-400E400B024P
FR1325,3.0,283.83,TQC400E400B024P
FR1327,3.0,191.31,NQ-700E7001048A
FR1327,3.0,191.31,NQ-700E7001048K
FR1327,3.0,191.31,NQC700E7001048A
FR1327,3.0,191.31,NQC700E7001048K
FR1327,3.0,191.31,NQC700M7001048A
FR1327,3.0,191.31,NQC700M700B048A
FR1327,3.0,191.31,NQO700E7001048A
FR1327,5.0,162.19,NQ-700E7001048A
FR1327,5.0,162.19,NQ-700E7001048K
FR1327,5.0,162.19,NQC700E7001048A
FR1327,5.0,162.19,NQC700E7001048K
FR1327,5.0,162.19,NQC700M7001048A
FR1327,5.0,162.19,NQC700M700B048A
FR1327,5.0,162.19,NQO700E7001048A
FR1338,5.0,188.6,TD-500S400B016A
FR1338,5.0,188.6,TD-500S400B016K
FR1341,5.0,224.43,ND-500S600G008A
FR1341,5.0,224.43,TD-500E600G008A
FR1341,5.0,224.43,TD-500E600G008K
FR1341,5.0,224.43,TDC500E600G008A
FR1341,5.0,224.43,TDC500E600G008K
FR1341,5.0,224.43,TDC500S600G008A
FR1357,3.0,204.58,NQ-600E6001048A
FR1357,3.0,204.58,NQ-600E6001048K
FR1357,3.0,204.58,TQC600E6001048A
FR1357,5.0,247.85,NQ-600E6001048A
FR1357,5.0,247.85,NQ-600E6001048K
FR1357,5.0,247.85,TQC600E6001048A
FR1376,5.0,248.57,MDF300E220Z004A
FR1376,5.0,248.57,MDF300E220Z004K
FR1390,2.0,390.97,ND-200E2201006A
FR1390,2.0,390.97,ND-200E220C006A
FR1390,3.0,220.93,ND-200E2201006A
FR1390,3.0,220.93,ND-200E220C006A
FR1390,5.0,283.09,ND-200E2201006A
FR1390,5.0,283.09,ND-200E220C006A
FR1392,3.0,276.48,TD-200E2001006A
FR1392,3.0,276.48,TD-200E2001006K
FR1392,5.0,296.84,TD-200E2001006A
FR1392,5.0,296.84,TD-200E2001006K
FR1393,3.0,188.14,ND-300E3001010A
FR1393,3.0,188.14,ND-300E300B010A
FR1393,5.0,264.64,ND-300E3001010A
FR1393,5.0,264.64,ND-300E300B010A
FR1401,2.0,257.97,MQC600E6001032A
FR1401,2.0,257.97,MQC600E6001032K
FR1401,2.0,257.97,MQC600E6001032U
FR1401,3.0,234.56,MQC600E6001032A
FR1401,3.0,234.56,MQC600E6001032K
FR1401,3.0,234.56,MQC600E6001032U
FR1405,5.0,293.27,NQ-200E3001009C
FR1405,5.0,293.27,NQ-200E3001009N
FR1405,5.0,293.27,NQ-200E300B009C
FR1405,5.0,293.27,NQ-200E300B009N
FR1406,3.0,184.19,ND-300E3001010A
FR1406,3.0,184.19,ND-300E3001010K
FR1406,3.0,184.19,NQ-300E3001010A
FR1406,5.0,247.83,ND-300E3001010A
FR1406,5.0,247.83,ND-300E3001010K
FR1406,5.0,247.83,NQ-300E3001010A
FR1407,2.0,283.26,MQC500E5001032A
FR1407,2.0,283.26,MQC500E5001032K
FR1407,3.0,180.05,MQC500E5001032A
FR1407,3.0,180.05,MQC500E5001032K
FR1407,5.0,173.47,MQC500E5001032A
FR1407,5.0,173.47,MQC500E5001032K
FR1414,3.0,263.38,TD-300D2001012A
FR1414,3.0,263.38,TD-300E2001012A
FR1414,3.0,263.38,TD-300E2001012K
FR1414,3.0,263.38,TDC300E2001012A
FR1414,3.0,263.38,TDC300E2001012K
FR1414,5.0,239.33,TD-300D2001012A
FR1414,5.0,239.33,TD-300E2001012A
FR1414,5.0,239.33,TD-300E2001012K
FR1414,5.0,239.33,TDC300E2001012A
FR1414,5.0,239.33,TDC300E2001012K
FR1415,2.0,247.84,ND-200E2001006A
FR1415,2.0,247.84,ND-300E300E006A
FR1415,2.0,247.84,NDC200E2001006A
FR1415,2.0,247.84,TD-200E2001006A
FR1415,2.0,247.84,TD-200E2001006K
FR1415,2.0,247.84,TD-200E200C006A
FR1415,2.0,247.84,TDC200E2001006A
FR1415,2.0,247.84,TDC200E2001006K
FR1415,5.0,311.7,ND-200E2001006A
FR1415,5.0,311.7,ND-300E300E006A
FR1415,5.0,311.7,NDC200E2001006A
FR1415,5.0,311.7,TD-200E2001006A
FR1415,5.0,311.7,TD-200E2001006K
FR1415,5.0,311.7,TD-200E200C006A
FR1415,5.0,311.7,TDC200E2001006A
FR1415,5.0,311.7,TDC200E2001006K
FR1417,5.0,260.77,NQ-500E5001032A
FR1420,5.0,226.94,TQ-350D900B042A
FR1420,5.0,226.94,TQ-350E900B042A
FR1420,5.0,226.94,TQC350D900B042A
FR1420,5.0,226.94,TQC350D900B042K
FR1422,3.0,192.32,NQ-700E700B048P
FR1422,3.0,192.32,NQC700E700B048P
FR1426,1.0,347.52,TQ-500E500B024P
FR1426,1.0,347.52,TQC500E500B024P
FR1441,5.0,278.06,TD-300E2001010A
FR1447,3.0,219.19,NQ-700E7001056A
FR1447,3.0,219.19,NQC700E7001056A
FR1447,3.0,219.19,NQC700E7001056K
FR1447,5.0,193.32,NQ-700E7001056A
FR1447,5.0,193.32,NQC700E7001056A
FR1447,5.0,193.32,NQC700E7001056K
FR1449,3.0,218.76,TD-300E3001010A
FR1449,3.0,218.76,TD-300E3001010K
FR1449,5.0,252.74,TD-300E3001010A
FR1449,5.0,252.74,TD-300E3001010K
FR1451,5.0,207.6,TQ-250E450A030A
FR1451,5.0,207.6,TQC250E450A030A
FR1456,2.0,256.85,NQP400E3501014C
FR1456,2.0,256.85,NQP400E3501014N
FR1456,3.0,264.23,NQP400E3501014C
FR1456,3.0,264.23,NQP400E3501014N
FR1456,5.0,203.87,NQP400E3501014C
FR1456,5.0,203.87,NQP400E3501014N
FR1462,1.0,373.47,TQC500E500A036D
FR1462,1.0,373.47,TQC500E500A036P
FR1462,1.0,373.47,TQC500M500A036P
FR1464,3.0,245.48,NQ-400E4001020A
FR1464,5.0,203.98,NQ-400E4001020A
FR1469,1.0,406.34,TQ-400S400A032P
FR1474,5.0,286.67,TD-400M300B014A
FR1474,5.0,286.67,TD-400M300B014K
FR1486,5.0,214.9,TQ-400E500B024A
FR1486,5.0,214.9,TQ-400E500B024K
FR1490,5.0,203.6,TQ-400E400B020A
FR1490,5.0,203.6,TQ-400E400B020K
FR1490,5.0,203.6,TQC400E400B020K
FR1492,5.0,166.78,TQ-500E500C020A
FR1492,5.0,166.78,TQ-500E500C020E
FR1492,5.0,166.78,TQ-500E500C020K
FR1492,5.0,166.78,TQC500E500C020K
FR1496,5.0,318.2,TD-500E300B018A
FR1498,1.0,327.87,TQ-600E600A044P
FR1498,1.0,327.87,TQC600E600A044D
FR1498,1.0,327.87,TQC600E600A044P
FR1500,0.0,352.07,ND-500E600G008A
FR1500,0.0,352.07,ND-500E600G008K
FR1500,0.0,352.07,NDC500E600G008A
FR1500,0.0,352.07,NDC500E600G008K
FR1500,5.0,172.37,ND-500E600G008A
FR1500,5.0,172.37,ND-500E600G008K
FR1500,5.0,172.37,NDC500E600G008A
FR1500,5.0,172.37,NDC500E600G008K
FR1502,5.0,172.26,TQ-500E800B044A
FR1503,3.0,188.93,NQ-500E500A040D
FR1503,3.0,188.93,NQ-500E500A040P
FR1503,3.0,188.93,NQC500E500A040B
FR1503,3.0,188.93,NQC500E500A040D
FR1503,3.0,188.93,NQC500S500A040B
FR1503,3.0,188.93,NQC500S500A040D
FR1503,3.0,188.93,NQC500S500A040P
FR1504,5.0,203.42,TQ-400E400B024A
FR1504,5.0,203.42,TQ-400E400B024K
FR1504,5.0,203.42,TQC400E400B024K
FR1508,3.0,587.62,ND-300E300B012A
FR1508,3.0,587.62,NDC300E300B012A
FR1508,3.0,587.62,NDC300M300B012A
FR1508,3.0,587.62,NDC300S300B012A
FR1508,3.0,587.62,NDC300S300B012K
FR1508,3.0,587.62,NDC300S300B012U
FR1508,5.0,255.35,ND-300E300B012A
FR1508,5.0,255.35,NDC300E300B012A
FR1508,5.0,255.35,NDC300M300B012A
FR1508,5.0,255.35,NDC300S300B012A
FR1508,5.0,255.35,NDC300S300B012K
FR1508,5.0,255.35,NDC300S300B012U
FR1511,5.0,179.87,ND-300E300B010A
FR1511,5.0,179.87,NQ-300E300B010A
FR1511,5.0,179.87,TD-300E300B010K
FR1516,5.0,240.29,TD-400E300M016A
FR1516,5.0,240.29,TD-400E300M016K
FR1518,3.0,410.03,TD-200E200C006A
FR1518,3.0,410.03,TD-200E200C006K
FR1518,5.0,257.85,TD-200E200C006A
FR1518,5.0,257.85,TD-200E200C006K
FR1522,5.0,209.94,TD-500E300B016A
FR1522,5.0,209.94,TD-500E300B016K
FR1528,5.0,173.35,TQ-700E700B048A
FR1528,5.0,173.35,TQ-700E700B048K
FR1536,5.0,259.14,NQC400E400A032A
FR1536,5.0,259.14,NQC400E400A032K
FR1536,5.0,259.14,NQC400S400A032A
FR1536,5.0,259.14,NQC400S400A032K
FR1536,5.0,259.14,TQC400E400A032A
FR1536,5.0,259.14,UQC400E400A032A
FR1538,5.0,145.7,TQ-700EB00B064A
FR1538,5.0,145.7,TQ-700EB00B064K
FR1540,3.0,242.15,NQ-350E450B025F
FR1540,3.0,242.15,NQ-350E450B025M
FR1551,0.0,593.71,ND-400E400X012E
FR1551,0.0,593.71,ND-400E400X012U
FR1551,3.0,580.8,ND-400E400X012E
FR1551,3.0,580.8,ND-400E400X012U
FR1552,3.0,476.45,NQ-500E500C020U
FR1552,3.0,476.45,NQ-500E500X020E
FR1552,3.0,476.45,NQ-500E500X020U
FR1559,5.0,281.1,NQ-350E350Z018N
FR1559,5.0,281.1,NQ-350E350Z018W
FR1560,5.0,180.1,TQC500M500U031U
FR1562,5.0,286.45,TQ-300E300B012A
FR1562,5.0,286.45,TQ-300E300B012K
FR1579,3.0,264.92,4QC400M500U025B
FR1579,3.0,264.92,4QC400M500U025U
FR1579,4.0,220.55,4QC400M500U025B
FR1579,4.0,220.55,4QC400M500U025U
FR1583,3.0,503.53,NQC500E500X032U
FR1590,3.0,477.4,NQ-500E5001020E
FR1590,3.0,477.4,NQ-500E5001020U
FR1590,3.0,477.4,NQ-500E500C020E
FR1590,3.0,477.4,NQ-500E500C020U
FR1590,3.0,477.4,NQ-500E500X020E
FR1590,3.0,477.4,NQ-500E500X020U
FR1612,5.0,141.0,MQ-800E800B056A
FR1612,5.0,141.0,MQ-800E800B056K
FR1618,5.0,140.44,NDC800E800Z008A
FR1618,5.0,140.44,NDC800E800Z008K
FR1634,5.0,278.93,TQC500E500U031U
FR1634,5.0,278.93,TQC500M500U031U
FR1637,5.0,113.81,TQ-900E900B064E
FR1637,5.0,113.81,TQ-900E900B064U
FR1637,5.0,113.81,TQC900E900B064A
FR1637,5.0,113.81,TQC900E900B064U
FR1637,5.0,113.81,TQC900M900B064U
FR1653,5.0,240.48,TDC400E300B014A
FR1653,5.0,240.48,TDC400E300B014K
FR1659,3.0,223.24,NQ-500E500B032D
FR1659,3.0,223.24,NQ-500E500B032P
FR1660,3.0,312.04,ND-300E300B010D
FR1660,3.0,312.04,ND-300E300B010P
FR1662,3.0,246.1,NQC400S400A032D
FR1662,3.0,246.1,NQC400S400A032P
FR1683,4.0,194.66,NQ-600E600A052K
FR1683,4.0,194.66,NQC600E600A052A
FR1683,4.0,194.66,NQC600E600A052K
FR1683,5.0,212.96,NQ-600E600A052K
FR1683,5.0,212.96,NQC600E600A052A
FR1683,5.0,212.96,NQC600E600A052K
FR1686,5.0,154.95,NQ-700E700B042K
FR1686,5.0,154.95,NQ-700E700B042U
FR1691,3.0,190.4,NQ-700E700A052D
FR1691,3.0,190.4,NQ-700E700A052P
FR1698,5.0,154.69,TQ-500M500U032U
FR1704,5.0,170.24,NDC800E800Z008A
FR1704,5.0,170.24,NDC800E800Z008K
FR1706,0.0,601.28,NDC300E3500X010U
FR1706,0.0,601.28,NDC300E350X010U
FR1706,3.0,643.86,NDC300E3500X010U
FR1706,3.0,643.86,NDC300E350X010U
FR1715,3.0,180.85,ND-700S500Z004D
FR1715,3.0,180.85,ND-700S500Z004P
FR1745,5.0,282.05,TQZ500M600U039U
FR1745,5.0,282.05,TQZ500M600U039W
FR1747,5.0,204.36,NQC700E700A056K
FR1752,5.0,170.03,TQC600M600U048U
FR1758,3.0,221.24,NQC400E400B022D
FR1758,3.0,221.24,NQC400M400B022D
FR1759,3.0,287.33,NDC300E300B012D
FR1759,3.0,287.33,NDC300M300B012D
FR1759,3.0,287.33,NDC300S300B012D
FR1761,3.0,217.28,NDC500E600G008D
FR1761,3.0,217.28,NDC500M600G008D
FR1768,5.0,1600.97,TQ-500E600B036K
FR1771,5.0,246.93,TD-300E300B010A
FR1771,5.0,246.93,TD-300E300B010K
FR1771,5.0,246.93,TDC300E300B010K
FR1795,3.0,311.9,MDC300E300B012D
FR1805,5.0,287.55,TQC400M500U024U
FR1806,3.0,154.5,NDC800E800Z008B
FR1806,3.0,154.5,NDC800E800Z008D
FR1812,5.0,93.71,TQC400M500U024U
FR1813,5.0,301.45,TQC500M500U031U
FR1819,5.0,274.26,4Q-400M600S034U
FR1819,5.0,274.26,4Q-400M600U034U
FR1819,5.0,274.26,4QC400M600U034U
FR1819,5.0,274.26,RQ-400M600S034U
FR1830,3.0,239.44,JQP330E450Z009M
FR1832,0.0,428.3,4Q-400M500U030U
FR1832,5.0,294.71,4Q-400M500U030U
FR1837,5.0,229.33,4Q-400E600U034U
FR1837,5.0,229.33,4Q-400M600S034U
FR1837,5.0,229.33,4Q-400M600U034U
FR1837,5.0,229.33,4QC400M600U034U
FR1837,5.0,229.33,RQ-400E600Z034U
FR1837,5.0,229.33,RQ-400M600S034U
FR1850,5.0,290.94,TQ-400M500U024U
FR1862,5.0,174.68,4Q-400E600U034U
FR1862,5.0,174.68,4Q-400M600U034U
FR1862,5.0,174.68,4QC400M600U034U
FR1862,5.0,174.68,RQ-400M600S034U
FR4003,3.0,212.48,TQC500M500W031U
FR4003,5.0,180.42,TQC500M500W031U
FR4004,3.0,181.74,NQC500E5001032K
FR4004,3.0,181.74,TQ-500E5001032A
FR4004,3.0,181.74,TQ-500E5001032E
FR4004,3.0,181.74,TQ-500E5001032U
FR4004,3.0,181.74,TQC500E5001032E
FR4004,3.0,181.74,TQC500E500B032E
FR4006,3.0,184.05,NQ-900M9001064U
FR4006,3.0,184.05,TQ-900E9001064U
FR4006,3.0,184.05,TQ-900E900B064U
FR4006,3.0,184.05,TQ-900M9001064U
FR4006,3.0,184.05,TQC900E9001064U
FR4006,3.0,184.05,TQC900M9001064U
FR4006,5.0,154.43,NQ-900M9001064U
FR4006,5.0,154.43,TQ-900E9001064U
FR4006,5.0,154.43,TQ-900E900B064U
FR4006,5.0,154.43,TQ-900M9001064U
FR4006,5.0,154.43,TQC900E9001064U
FR4006,5.0,154.43,TQC900M9001064U
FR4008,3.0,249.95,TDC200E2001006K
FR4008,3.0,249.95,TDC200E2001006Z
FR4008,5.0,395.76,TDC200E2001006K
FR4008,5.0,395.76,TDC200E2001006Z
FR4010,5.0,171.71,TQC500E600W039U
FR4010,5.0,171.71,TQC500M600W039U
FR5001,3.0,328.21,TD-200E200C006D
FR5001,3.0,328.21,TD-200E200C006P
FR5001,3.0,328.21,TDC200E200C006D
FR5001,3.0,328.21,TDC200E200C006Y
FR5003,3.0,313.73,TD-200E200B008B
FR5003,3.0,313.73,TD-200E200B008P
FR5003,3.0,313.73,TD-200E200B008Y
FR5003,3.0,313.73,TDC200E200B008B
FR5003,3.0,313.73,TDC200E200B008Y
FR5005,3.0,235.01,NQ-500E500A040B
FR5005,3.0,235.01,NQ-500E500A040P
FR5005,3.0,235.01,NQC500E500A040B
FR5005,3.0,235.01,NQC500E500A040Y
FR5005,3.0,235.01,TQC500E500A040Y
FR5008,3.0,320.96,ND-300E300B010D
FR5008,3.0,320.96,ND-300E300B010P
FR5008,3.0,320.96,ND-300S300B010D
FR5008,3.0,320.96,NDC300E300B010D
FR5008,3.0,320.96,NDC300E300B010K
FR5008,3.0,320.96,NDC300E300B010P
FR5008,3.0,320.96,NDC300E300B010Y
FR5020,3.0,364.85,ND-300E300C008P
FR5020,3.0,364.85,ND-300E300C008Y
FR5020,3.0,364.85,NDC300E300C008Y
FR5022,3.0,277.98,NQC700E700A056D
FR5022,3.0,277.98,NQC700E700A056P
FR5022,3.0,277.98,NQC700E700A056Y
FR5022,3.0,277.98,NQC700M700A056Y
FR5022,5.0,267.97,NQC700E700A056D
FR5022,5.0,267.97,NQC700E700A056P
FR5022,5.0,267.97,NQC700E700A056Y
FR5022,5.0,267.97,NQC700M700A056Y
FR5026,3.0,249.53,NQ-300Z300Z020T
FR5026,3.0,249.53,NQ-400E400B020B
FR5026,3.0,249.53,NQ-400E400B020Y
FR5026,3.0,249.53,NQC400E400B020B
FR5026,3.0,249.53,NQC400E400B020Y
FR5026,3.0,249.53,TQC400E400B020Y
FR5028,1.0,284.67,ND-400E400D008Y
FR5028,1.0,284.67,NDC400E400D008B
FR5028,1.0,284.67,NDC400E400D008D
FR5028,1.0,284.67,NDC400E400D008Y
FR5028,1.0,284.67,NDC400M400D008B
FR5028,1.0,284.67,NDC400M400D008P
FR5028,3.0,272.14,ND-400E400D008Y
FR5028,3.0,272.14,NDC400E400D008B
FR5028,3.0,272.14,NDC400E400D008D
FR5028,3.0,272.14,NDC400E400D008Y
FR5028,3.0,272.14,NDC400M400D008B
FR5028,3.0,272.14,NDC400M400D008P
FR5034,5.0,202.98,NQ-600E600A048U
FR5034,5.0,202.98,NQC600E600A048A
FR5034,5.0,202.98,NQC600E600A048U
FR5034,5.0,202.98,NQC600E600A048Z
FR5050,5.0,261.91,NQ-300E300B016Z
FR5050,5.0,261.91,NQC300E300B016Z
FR5051,5.0,178.89,MD-400M400D008Z
FR5051,5.0,178.89,ND-400E400D008Z
FR5051,5.0,178.89,NDC400E400D008U
FR5051,5.0,178.89,NDC400E400D008Z
FR5054,5.0,275.76,NDC300E3001010Z
FR5054,5.0,275.76,TD-300E3001010Z
FR5054,5.0,275.76,TD-300E300B010Z
FR5054,5.0,275.76,TDC300E3001010Z
FR5054,5.0,275.76,TDC300E300B010Z
FR5054,5.0,275.76,TDW300E3001010Z
FR5055,3.0,270.14,TD-300E2001010Z
FR5055,3.0,270.14,TDC300E2001010Z
FR5055,5.0,299.8,TD-300E2001010Z
FR5055,5.0,299.8,TDC300E2001010Z
FR5057,3.0,233.31,NQC500E5001040Z
FR5057,3.0,233.31,NQC500E500A040B
FR5057,3.0,233.31,NQC500E500A040U
FR5057,3.0,233.31,NQC500E500A040Z
FR5057,3.0,233.31,TQC500E5001040U
FR5058,5.0,173.11,NQ-500E500B032Z
FR5058,5.0,173.11,TQ-500E5001032Z
FR5058,5.0,173.11,TQ-500E500B032A
FR5058,5.0,173.11,TQ-500E500B032U
FR5058,5.0,173.11,TQ-500E500B032Z
FR5058,5.0,173.11,TQC500E500B032U
FR5058,5.0,173.11,TQC500M500B032U
FR5064,3.0,172.54,ND-300E3001010Z
FR5064,3.0,172.54,NDC300E3001010Z
FR5064,5.0,212.92,ND-300E3001010Z
FR5064,5.0,212.92,NDC300E3001010Z
FR5066,5.0,270.27,NDC300E3001008Z
FR5068,3.0,221.3,NQ-500E5001028Z
FR5068,3.0,221.3,NQC500E5001028Z
FR5068,3.0,221.3,TQ-500E5001028Z
FR5068,5.0,181.96,NQ-500E5001028Z
FR5068,5.0,181.96,NQC500E5001028Z
FR5068,5.0,181.96,TQ-500E5001028Z
FR5070,5.0,279.2,TQ-400E6001030U
FR5070,5.0,279.2,TQ-400E6001030Z
FR5070,5.0,279.2,TQC400E6001030U
FR5070,5.0,279.2,TQC400E6001030Z
FR5070,5.0,279.2,TQC400E600B030U
FR5071,3.0,170.0,ND-500E4001016U
FR5071,3.0,170.0,NDC500E4001016U
FR5071,3.0,170.0,NDC500E4001016Z
FR5071,5.0,198.91,ND-500E4001016U
FR5071,5.0,198.91,NDC500E4001016U
FR5071,5.0,198.91,NDC500E4001016Z
FR5077,5.0,177.21,4DC600M500U012U
FR5077,5.0,177.21,4Q-500M600U041U
FR5077,5.0,177.21,4QC500E600U041U
FR5077,5.0,177.21,4QC500M600U041U
FR5078,5.0,159.28,4DC600M500U012U
FR5079,5.0,212.15,4DC500M400U018U
FR5083,3.0,241.82,NQ-500E5001032Z
FR5083,3.0,241.82,NQC500E5001032A
FR5083,3.0,241.82,NQC500E5001032U
FR5083,3.0,241.82,NQC500E5001032Z
FR5083,3.0,241.82,TQ-500E5001032K
FR5083,5.0,162.17,NQ-500E5001032Z
FR5083,5.0,162.17,NQC500E5001032A
FR5083,5.0,162.17,NQC500E5001032U
FR5083,5.0,162.17,NQC500E5001032Z
FR5083,5.0,162.17,TQ-500E5001032K
FR5084,3.0,304.42,TQ-300E4001020Z
FR5084,3.0,304.42,TQC300E4001020Z
FR5084,5.0,247.9,TQ-300E4001020Z
FR5084,5.0,247.9,TQC300E4001020Z
FR5088,3.0,162.22,NQ-900E9001064U
FR5088,3.0,162.22,NQ-900E900B064A
FR5088,3.0,162.22,NQ-900E900B064U
FR5088,3.0,162.22,NQC900E9001064U
FR5088,5.0,157.89,NQ-900E9001064U
FR5088,5.0,157.89,NQ-900E900B064A
FR5088,5.0,157.89,NQ-900E900B064U
FR5088,5.0,157.89,NQC900E9001064U
FR5089,5.0,277.22,TQC400E6001030U
FR5089,5.0,277.22,TQC400E6001030Z
FR5090,3.0,174.49,TD-300E3001012U
FR5090,3.0,174.49,TDC300E3001012U
FR5090,5.0,211.07,TD-300E3001012U
FR5090,5.0,211.07,TDC300E3001012U
FR5111,3.0,243.99,TD-400E3001014U
FR5111,3.0,243.99,TD-400E3001014Z
FR5111,5.0,243.06,TD-400E3001014U
FR5111,5.0,243.06,TD-400E3001014Z
FR5112,5.0,238.05,TDC300E3001012U
FR5122,5.0,248.86,NQ-400E4001020A
FR5122,5.0,248.86,NQ-400E4001020E
FR5122,5.0,248.86,NQ-400E4001020U
FR5122,5.0,248.86,NQ-400E400B020E
FR5122,5.0,248.86,NQ-400E400B020U
FR5122,5.0,248.86,NQ-400E400X020E
FR5122,5.0,248.86,NQC400E4001020U
FR5122,5.0,248.86,NQC400E400B020E
FR5122,5.0,248.86,NQC400E400B020U
FR5123,3.0,465.6,NQ-600E600C032E
FR5123,3.0,465.6,NQ-600E600C032U
FR5123,3.0,465.6,NQ-600M600C032A
FR5123,3.0,465.6,NQ-600M600X032E
FR5123,3.0,465.6,NQC600E600C032E
FR5123,5.0,173.16,NQ-600E600C032E
FR5123,5.0,173.16,NQ-600E600C032U
FR5123,5.0,173.16,NQ-600M600C032A
FR5123,5.0,173.16,NQ-600M600X032E
FR5123,5.0,173.16,NQC600E600C032E
FR5124,3.0,505.43,NQ-500E5001020A
FR5124,3.0,505.43,NQ-500E5001020E
FR5124,3.0,505.43,NQ-500E5001020U
FR5124,3.0,505.43,NQ-500E500C020A
FR5124,3.0,505.43,NQ-500E500C020E
FR5124,3.0,505.43,NQ-500E500C020U
FR5124,3.0,505.43,NQ-500E500X020E
FR5124,3.0,505.43,NQ-500E500X020U
FR5124,3.0,505.43,NQ-500M5001020A
FR5124,3.0,505.43,NQC500E5001020E
FR5124,3.0,505.43,NQC500E5001020U
FR5124,3.0,505.43,NQC500E500C020A
FR5124,3.0,505.43,NQC500E500C020E
FR5124,3.0,505.43,NQC500E500C020U
FR5124,3.0,505.43,NQC500E500X020E
FR5124,5.0,199.54,NQ-500E5001020A
FR5124,5.0,199.54,NQ-500E5001020E
FR5124,5.0,199.54,NQ-500E5001020U
FR5124,5.0,199.54,NQ-500E500C020A
FR5124,5.0,199.54,NQ-500E500C020E
FR5124,5.0,199.54,NQ-500E500C020U
FR5124,5.0,199.54,NQ-500E500X020E
FR5124,5.0,199.54,NQ-500E500X020U
FR5124,5.0,199.54,NQ-500M5001020A
FR5124,5.0,199.54,NQC500E5001020E
FR5124,5.0,199.54,NQC500E5001020U
FR5124,5.0,199.54,NQC500E500C020A
FR5124,5.0,199.54,NQC500E500C020E
FR5124,5.0,199.54,NQC500E500C020U
FR5124,5.0,199.54,NQC500E500X020E
FR5125,3.0,408.19,NQ-700E7001044E
FR5125,3.0,408.19,NQ-700E700B044A
FR5125,3.0,408.19,NQ-700E700B044E
FR5125,3.0,408.19,NQ-700E700B044U
FR5125,3.0,408.19,NQ-700M700B044E
FR5125,3.0,408.19,NQ-700S700B044E
FR5125,3.0,408.19,NQC700E7001044U
FR5125,3.0,408.19,NQC700E700B044E
FR5125,3.0,408.19,NQC700E700B044U
FR5125,3.0,408.19,NQC700E700X044E
FR5125,3.0,408.19,NQY700S7001044N
FR5126,3.0,493.77,NQ-500E5001032E
FR5126,3.0,493.77,NQ-500E5001032U
FR5126,3.0,493.77,NQ-500E500B032A
FR5126,3.0,493.77,NQ-500E500B032E
FR5126,3.0,493.77,NQ-500E500B032U
FR5126,3.0,493.77,NQ-500E500X032E
FR5126,3.0,493.77,NQ-500E500X032U
FR5126,3.0,493.77,NQ-500M5001032E
FR5126,3.0,493.77,NQ-500M5001032U
FR5126,3.0,493.77,NQ-500M500B032E
FR5126,3.0,493.77,NQ-500M500X032E
FR5126,3.0,493.77,NQC500E5001032E
FR5126,3.0,493.77,NQC500E5001032U
FR5126,3.0,493.77,NQC500E500B032E
FR5126,3.0,493.77,NQC500E500B032U
FR5126,3.0,493.77,NQC500E500X032K
FR5126,3.0,493.77,NQC500E500X032U
FR5126,3.0,493.77,NQC500M500B032E
FR5126,5.0,238.6,NQ-500E5001032E
FR5126,5.0,238.6,NQ-500E5001032U
FR5126,5.0,238.6,NQ-500E500B032A
FR5126,5.0,238.6,NQ-500E500B032E
FR5126,5.0,238.6,NQ-500E500B032U
FR5126,5.0,238.6,NQ-500E500X032E
FR5126,5.0,238.6,NQ-500E500X032U
FR5126,5.0,238.6,NQ-500M5001032E
FR5126,5.0,238.6,NQ-500M5001032U
FR5126,5.0,238.6,NQ-500M500B032E
FR5126,5.0,238.6,NQ-500M500X032E
FR5126,5.0,238.6,NQC500E5001032E
FR5126,5.0,238.6,NQC500E5001032U
FR5126,5.0,238.6,NQC500E500B032E
FR5126,5.0,238.6,NQC500E500B032U
FR5126,5.0,238.6,NQC500E500X032K
FR5126,5.0,238.6,NQC500E500X032U
FR5126,5.0,238.6,NQC500M500B032E
FR5127,3.0,282.24,NQ-900E9001064E
FR5127,3.0,282.24,NQ-900E900B064E
FR5127,3.0,282.24,NQC900E9001064E
FR5127,3.0,282.24,NQC900E900B064E
FR5127,3.0,282.24,NQC900E900X064A
FR5127,3.0,282.24,NQC900E900X064E
FR5127,5.0,143.14,NQ-900E9001064E
FR5127,5.0,143.14,NQ-900E900B064E
FR5127,5.0,143.14,NQC900E9001064E
FR5127,5.0,143.14,NQC900E900B064E
FR5127,5.0,143.14,NQC900E900X064A
FR5127,5.0,143.14,NQC900E900X064E
FR5129,5.0,223.07,ND-450D3001014Z
FR5129,5.0,223.07,ND-450E3001014Z
FR5129,5.0,223.07,NDC450D3001014Z
FR5129,5.0,223.07,NDC450E3001014Z
FR5131,3.0,288.61,NQ-550D3501024U
FR5131,3.0,288.61,NQC550D3501024U
FR5131,3.0,288.61,NQC550D3501024Z
FR5131,3.0,288.61,NQC550E3501024K
FR5131,3.0,288.61,NQC550E3501024U
FR5131,5.0,209.97,NQ-550D3501024U
FR5131,5.0,209.97,NQC550D3501024U
FR5131,5.0,209.97,NQC550D3501024Z
FR5131,5.0,209.97,NQC550E3501024K
FR5131,5.0,209.97,NQC550E3501024U
FR5132,5.0,299.55,TDC300E3001010Z
FR5145,2.0,428.46,NQ-300E3001016Z
FR5145,2.0,428.46,NQ-300E300B016Z
FR5145,2.0,428.46,NQC300E3001016Z
FR5145,3.0,327.02,NQ-300E3001016Z
FR5145,3.0,327.02,NQ-300E300B016Z
FR5145,3.0,327.02,NQC300E3001016Z
FR5145,5.0,241.23,NQ-300E3001016Z
FR5145,5.0,241.23,NQ-300E300B016Z
FR5145,5.0,241.23,NQC300E3001016Z
FR5147,3.0,230.66,NQ-500E5001032Z
FR5147,3.0,230.66,NQC500E5001032U
FR5147,5.0,162.38,NQ-500E5001032Z
FR5147,5.0,162.38,NQC500E5001032U
FR5150,5.0,181.9,5QC500S500U032U
FR5150,5.0,181.9,MQ-500S500U032U
FR5150,5.0,181.9,MQC500E500U032U
FR5150,5.0,181.9,MQC500S500U032U
FR5150,5.0,181.9,NQC500E500B032A
FR5150,5.0,181.9,QQC500S500U032U
FR5157,5.0,266.65,4QZ500M500U031U
FR5157,5.0,266.65,TQC500E500U031U
FR5157,5.0,266.65,TQC500M500U031U
FR5171,3.0,286.7,NQC350E4501020Z
FR5171,5.0,198.27,NQC350E4501020Z
FR5174,3.0,258.87,NQ-350E450B020Y
FR5177,5.0,177.94,4Q-500M600U041U
FR5177,5.0,177.94,4QC500M600U041U
FR5193,3.0,259.22,NQ-400E4001024Z
FR5193,3.0,259.22,NQC400E4001024A
FR5193,3.0,259.22,NQC400E4001024U
FR5193,3.0,259.22,NQC400E4001024Z
FR5193,3.0,259.22,NQC400E400B024Z
FR5193,5.0,202.83,NQ-400E4001024Z
FR5193,5.0,202.83,NQC400E4001024A
FR5193,5.0,202.83,NQC400E4001024U
FR5193,5.0,202.83,NQC400E4001024Z
FR5193,5.0,202.83,NQC400E400B024Z
FR5202,3.0,551.57,TQ-500E600U039U
FR5202,3.0,551.57,TQ-500E600U039W
FR5202,3.0,551.57,TQZ500M600U039U
FR5202,3.0,551.57,TQZ500M600U039W
FR5202,5.0,253.42,TQ-500E600U039U
FR5202,5.0,253.42,TQ-500E600U039W
FR5202,5.0,253.42,TQZ500M600U039U
FR5202,5.0,253.42,TQZ500M600U039W
FR5203,5.0,188.88,NQ-600E6001032E
FR5203,5.0,188.88,NQ-600E600C032E
FR5203,5.0,188.88,NQ-600E600C032U
FR5203,5.0,188.88,NQC600E600C032E
FR5203,5.0,188.88,NQC600E600C032U
FR5205,5.0,473.58,4Q-400M500U025U
FR5205,5.0,473.58,4QC400M500U025U
FR5209,5.0,301.26,TQ-500E500U032U
FR5209,5.0,301.26,TQ-500E500U032W
FR5209,5.0,301.26,TQZ500M500U032U
FR5209,5.0,301.26,TQZ500M500U032W
FR5210,3.0,406.22,TQ-500E600U039U
FR5210,3.0,406.22,TQ-500E600U039W
FR5210,3.0,406.22,TQZ500M600U039U
FR5210,3.0,406.22,TQZ500M600U039W
FR5210,5.0,168.91,TQ-500E600U039U
FR5210,5.0,168.91,TQ-500E600U039W
FR5210,5.0,168.91,TQZ500M600U039U
FR5210,5.0,168.91,TQZ500M600U039W
FR5221,5.0,191.53,TQC500M500U031U
FR5222,5.0,158.49,TQC500M600U039U
FR5223,5.0,218.84,NQ-400E4001020E
FR5223,5.0,218.84,NQ-400E400B020E
FR5223,5.0,218.84,NQ-400E400B020U
FR5223,5.0,218.84,NQC400E400B020E
FR5223,5.0,218.84,NQC400E400B020U
FR5224,5.0,175.68,TQC500M600U039U
FR5230,5.0,309.78,TQ-400E500U025U
FR5230,5.0,309.78,TQ-400M500U025U
FR5230,5.0,309.78,TQC400M500U025U
FR5232,5.0,370.92,MQ-500E500U032U
FR5232,5.0,370.92,MQ-500M500U032U
FR6002,2.0,215.52,MQ-700E7001048A
FR6002,2.0,215.52,MQ-700E7001048K
FR6002,2.0,215.52,MQC700E7001048A
FR6002,2.0,215.52,MQC700E7001048K
FR6002,2.0,215.52,MQC700E7001048U
FR6002,2.0,215.52,MQC700S7001048A
FR6002,2.0,215.52,NQ-700E7001048A
FR6002,2.0,215.52,NQ-700E7001048K
FR6002,2.0,215.52,NQ-700E700B048A
FR6002,2.0,215.52,NQC700E7001048A
FR6002,2.0,215.52,TQ-700E7001048A
FR6002,2.0,215.52,TQ-700M7001048A
FR6002,3.0,215.41,MQ-700E7001048A
FR6002,3.0,215.41,MQ-700E7001048K
FR6002,3.0,215.41,MQC700E7001048A
FR6002,3.0,215.41,MQC700E7001048K
FR6002,3.0,215.41,MQC700E7001048U
FR6002,3.0,215.41,MQC700S7001048A
FR6002,3.0,215.41,NQ-700E7001048A
FR6002,3.0,215.41,NQ-700E7001048K
FR6002,3.0,215.41,NQ-700E700B048A
FR6002,3.0,215.41,NQC700E7001048A
FR6002,3.0,215.41,TQ-700E7001048A
FR6002,3.0,215.41,TQ-700M7001048A
FR6002,5.0,154.11,MQ-700E7001048A
FR6002,5.0,154.11,MQ-700E7001048K
FR6002,5.0,154.11,MQC700E7001048A
FR6002,5.0,154.11,MQC700E7001048K
FR6002,5.0,154.11,MQC700E7001048U
FR6002,5.0,154.11,MQC700S7001048A
FR6002,5.0,154.11,NQ-700E7001048A
FR6002,5.0,154.11,NQ-700E7001048K
FR6002,5.0,154.11,NQ-700E700B048A
FR6002,5.0,154.11,NQC700E7001048A
FR6002,5.0,154.11,TQ-700E7001048A
FR6002,5.0,154.11,TQ-700M7001048A
FR6003,2.0,249.69,MQ-600E6001040A
FR6003,2.0,249.69,MQC600E6001040A
FR6003,2.0,249.69,NQ-600E6001040A
FR6003,5.0,206.88,MQ-600E6001040A
FR6003,5.0,206.88,MQC600E6001040A
FR6003,5.0,206.88,NQ-600E6001040A
FR6004,5.0,210.58,MQ-700E7001048A
FR6004,5.0,210.58,MQ-700S7001048A
FR6004,5.0,210.58,MQ-700S7001048K
FR6004,5.0,210.58,MQC700S7001048A
FR6004,5.0,210.58,MQC700S7001048K
FR6006,2.0,262.18,MQ-500E6001044A
FR6006,2.0,262.18,MQ-500E6001044K
FR6006,2.0,262.18,MQ-500E600A044A
FR6006,3.0,262.24,MQ-500E6001044A
FR6006,3.0,262.24,MQ-500E6001044K
FR6006,3.0,262.24,MQ-500E600A044A
FR6006,5.0,156.4,MQ-500E6001044A
FR6006,5.0,156.4,MQ-500E6001044K
FR6006,5.0,156.4,MQ-500E600A044A
FR6009,2.0,223.93,ND-300E3001006A
FR6009,2.0,223.93,ND-300E3001006K
FR6009,2.0,223.93,NDC300E3001006A
FR6009,2.0,223.93,NDC300E3001006K
FR6009,5.0,228.78,ND-300E3001006A
FR6009,5.0,228.78,ND-300E3001006K
FR6009,5.0,228.78,NDC300E3001006A
FR6009,5.0,228.78,NDC300E3001006K
FR6011,2.0,268.07,MQ-500E5001032A
FR6011,2.0,268.07,MQ-500E5001032K
FR6011,2.0,268.07,NQ-500E5001032A
FR6011,2.0,268.07,NQ-500E5001032K
FR6011,2.0,268.07,NQ-500E500B032A
FR6011,2.0,268.07,NQC500E5001032A
FR6011,2.0,268.07,NQC500E500B032A
FR6011,5.0,199.47,MQ-500E5001032A
FR6011,5.0,199.47,MQ-500E5001032K
FR6011,5.0,199.47,NQ-500E5001032A
FR6011,5.0,199.47,NQ-500E5001032K
FR6011,5.0,199.47,NQ-500E500B032A
FR6011,5.0,199.47,NQC500E5001032A
FR6011,5.0,199.47,NQC500E500B032A
FR6014,3.0,237.62,NQ-500E5001032A
FR6014,3.0,237.62,NQ-500E5001032K
FR6014,3.0,237.62,NQ-500E5001032U
FR6014,3.0,237.62,NQ-500E500B032A
FR6014,3.0,237.62,NQ-500E500B032K
FR6014,3.0,237.62,NQ-500E500B032U
FR6014,3.0,237.62,NQ-500E500X032A
FR6014,3.0,237.62,NQ-500S5001032A
FR6014,3.0,237.62,NQ-500S5001032K
FR6014,3.0,237.62,NQC500E5001032A
FR6014,3.0,237.62,NQC500E5001032U
FR6014,3.0,237.62,NQC500E500B032U
FR6014,3.0,237.62,NQC500S5001032U
FR6014,3.0,237.62,TQC500E500B032E
FR6014,5.0,173.61,NQ-500E5001032A
FR6014,5.0,173.61,NQ-500E5001032K
FR6014,5.0,173.61,NQ-500E5001032U
FR6014,5.0,173.61,NQ-500E500B032A
FR6014,5.0,173.61,NQ-500E500B032K
FR6014,5.0,173.61,NQ-500E500B032U
FR6014,5.0,173.61,NQ-500E500X032A
FR6014,5.0,173.61,NQ-500S5001032A
FR6014,5.0,173.61,NQ-500S5001032K
FR6014,5.0,173.61,NQC500E5001032A
FR6014,5.0,173.61,NQC500E5001032U
FR6014,5.0,173.61,NQC500E500B032U
FR6014,5.0,173.61,NQC500S5001032U
FR6014,5.0,173.61,TQC500E500B032E
FR6015,3.0,246.4,NQ-400E4001020A
FR6015,3.0,246.4,NQ-400E4001020E
FR6015,3.0,246.4,NQ-400E4001020U
FR6015,3.0,246.4,NQ-400E400B020A
FR6015,3.0,246.4,NQ-400E400B020E
FR6015,3.0,246.4,NQ-400E400B020U
FR6015,3.0,246.4,NQ-400E400X020A
FR6015,3.0,246.4,NQ-400S4001020A
FR6015,3.0,246.4,NQC400E4001020E
FR6015,3.0,246.4,NQC400E4001020U
FR6015,3.0,246.4,NQC400E400B020A
FR6015,3.0,246.4,NQC400E400B020E
FR6015,3.0,246.4,NQC400E400B020U
FR6015,5.0,233.14,NQ-400E4001020A
FR6015,5.0,233.14,NQ-400E4001020E
FR6015,5.0,233.14,NQ-400E4001020U
FR6015,5.0,233.14,NQ-400E400B020A
FR6015,5.0,233.14,NQ-400E400B020E
FR6015,5.0,233.14,NQ-400E400B020U
FR6015,5.0,233.14,NQ-400E400X020A
FR6015,5.0,233.14,NQ-400S4001020A
FR6015,5.0,233.14,NQC400E4001020E
FR6015,5.0,233.14,NQC400E4001020U
FR6015,5.0,233.14,NQC400E400B020A
FR6015,5.0,233.14,NQC400E400B020E
FR6015,5.0,233.14,NQC400E400B020U
FR6016,3.0,222.71,ND-300E3001008A
FR6016,3.0,222.71,ND-300E3001008K
FR6016,3.0,222.71,ND-300E300C008A
FR6016,3.0,222.71,ND-300E300X008K
FR6016,3.0,222.71,NDC300E3001008A
FR6016,3.0,222.71,NDC300E3001008U
FR6016,5.0,231.37,ND-300E3001008A
FR6016,5.0,231.37,ND-300E3001008K
FR6016,5.0,231.37,ND-300E300C008A
FR6016,5.0,231.37,ND-300E300X008K
FR6016,5.0,231.37,NDC300E3001008A
FR6016,5.0,231.37,NDC300E3001008U
FR6021,3.0,281.2,MQC600E6001040A
FR6021,3.0,281.2,MQC600E6001040K
FR6021,3.0,281.2,MQC600E6001040U
FR6021,5.0,161.61,MQC600E6001040A
FR6021,5.0,161.61,MQC600E6001040K
FR6021,5.0,161.61,MQC600E6001040U
FR6022,3.0,257.09,MQC400E4001024A
FR6022,3.0,257.09,MQC400E4001024K
FR6022,3.0,257.09,NQ-400E4001024A
FR6022,3.0,257.09,NQ-400E4001024K
FR6022,3.0,257.09,NQC400E4001024K
FR6022,3.0,257.09,NQC400E4001024U
FR6022,5.0,215.26,MQC400E4001024A
FR6022,5.0,215.26,MQC400E4001024K
FR6022,5.0,215.26,NQ-400E4001024A
FR6022,5.0,215.26,NQ-400E4001024K
FR6022,5.0,215.26,NQC400E4001024K
FR6022,5.0,215.26,NQC400E4001024U
FR6026,3.0,248.57,TQ-400E5001028A
FR6026,3.0,248.57,TQ-400E5001028K
FR6026,3.0,248.57,TQ-400E500B028K
FR6026,5.0,193.83,TQ-400E5001028A
FR6026,5.0,193.83,TQ-400E5001028K
FR6026,5.0,193.83,TQ-400E500B028K
FR6042,3.0,206.41,NQ-700E7001048A
FR6042,3.0,206.41,NQC700E7001048A
FR6042,3.0,206.41,NQC700E7001048K
FR6043,3.0,203.47,NDC200E2001008A
FR6043,3.0,203.47,TD-200E2001008A
FR6043,3.0,203.47,TD-200E2001008K
FR6043,3.0,203.47,TDC200E2001008A
FR6043,3.0,203.47,TDC200E2001008K
FR6043,5.0,298.48,NDC200E2001008A
FR6043,5.0,298.48,TD-200E2001008A
FR6043,5.0,298.48,TD-200E2001008K
FR6043,5.0,298.48,TDC200E2001008A
FR6043,5.0,298.48,TDC200E2001008K
FR6049,3.0,262.0,ND-300E300C008A
FR6049,3.0,262.0,TD-300E3001008A
FR6049,3.0,262.0,TD-300E3001008K
FR6053,3.0,269.07,NQ-400E4001024A
FR6053,3.0,269.07,NQ-400E4001024K
FR6053,3.0,269.07,NQ-400E4001024U
FR6053,3.0,269.07,NQC400E4001024A
FR6053,3.0,269.07,NQC400E4001024U
FR6053,3.0,269.07,NQC400E400B024A
FR6053,3.0,269.07,TQC400E4001024A
FR6053,3.0,269.07,TQC400E4001024E
FR6053,3.0,269.07,TQC400E400B024E
FR6053,5.0,213.38,NQ-400E4001024A
FR6053,5.0,213.38,NQ-400E4001024K
FR6053,5.0,213.38,NQ-400E4001024U
FR6053,5.0,213.38,NQC400E4001024A
FR6053,5.0,213.38,NQC400E4001024U
FR6053,5.0,213.38,NQC400E400B024A
FR6053,5.0,213.38,TQC400E4001024A
FR6053,5.0,213.38,TQC400E4001024E
FR6053,5.0,213.38,TQC400E400B024E
FR6055,2.0,245.88,NQC400E4001024A
FR6055,2.0,245.88,NQC400E4001024K
FR6055,3.0,253.8,NQC400E4001024A
FR6055,3.0,253.8,NQC400E4001024K
FR6055,5.0,194.05,NQC400E4001024A
FR6055,5.0,194.05,NQC400E4001024K
FR6059,3.0,186.96,NQ-700E7001048A
FR6059,3.0,186.96,NQC700E7001048A
FR6059,3.0,186.96,NQC700E7001048K
FR6059,3.0,186.96,NQC700E700B048A
FR6059,3.0,186.96,TQ-700E7001048A
FR6059,3.0,186.96,TQ-700E7001048E
FR6059,3.0,186.96,TQ-700E700B048A
FR6059,3.0,186.96,TQC700E7001048A
FR6059,3.0,186.96,TQC700E7001048E
FR6059,3.0,186.96,TQC700E700B048E
FR6059,5.0,167.59,NQ-700E7001048A
FR6059,5.0,167.59,NQC700E7001048A
FR6059,5.0,167.59,NQC700E7001048K
FR6059,5.0,167.59,NQC700E700B048A
FR6059,5.0,167.59,TQ-700E7001048A
FR6059,5.0,167.59,TQ-700E7001048E
FR6059,5.0,167.59,TQ-700E700B048A
FR6059,5.0,167.59,TQC700E7001048A
FR6059,5.0,167.59,TQC700E7001048E
FR6059,5.0,167.59,TQC700E700B048E
FR6063,3.0,226.94,TQ-500D5001032A
FR6063,3.0,226.94,TQ-500D5001032K
FR6063,3.0,226.94,TQ-500E5001032A
FR6063,3.0,226.94,TQ-500E5001032E
FR6063,3.0,226.94,TQ-500E5001032K
FR6063,3.0,226.94,TQC500E5001032A
FR6063,3.0,226.94,TQC500E5001032E
FR6063,5.0,181.94,TQ-500D5001032A
FR6063,5.0,181.94,TQ-500D5001032K
FR6063,5.0,181.94,TQ-500E5001032A
FR6063,5.0,181.94,TQ-500E5001032E
FR6063,5.0,181.94,TQ-500E5001032K
FR6063,5.0,181.94,TQC500E5001032A
FR6063,5.0,181.94,TQC500E5001032E
FR6075,5.0,293.88,TD-200E2001008A
FR6084,3.0,209.33,TD-170E2501002E
FR6084,3.0,209.33,TD-170E2501002K
FR6084,5.0,321.59,TD-170E2501002E
FR6084,5.0,321.59,TD-170E2501002K
FR6096,3.0,350.2,TQ-300E4001020A
FR6096,3.0,350.2,TQ-300E4001020K
FR6096,3.0,350.2,TQC300E4001020K
FR6096,5.0,201.33,TQ-300E4001020A
FR6096,5.0,201.33,TQ-300E4001020K
FR6096,5.0,201.33,TQC300E4001020K
FR6101,2.0,158.72,ND-500E6001008U
FR6101,5.0,159.67,ND-500E6001008U
FR6103,3.0,374.33,TQ-300E4001018C
FR6103,3.0,374.33,TQ-300E4001018N
FR6103,5.0,228.38,TQ-300E4001018C
FR6103,5.0,228.38,TQ-300E4001018N
FR6104,3.0,234.29,TD-200E2001008A
FR6104,3.0,234.29,TD-200E2201006A
FR6104,3.0,234.29,TD-200M2201006A
FR6104,3.0,234.29,TD-200M2201006K
FR6104,5.0,300.89,TD-200E2001008A
FR6104,5.0,300.89,TD-200E2201006A
FR6104,5.0,300.89,TD-200M2201006A
FR6104,5.0,300.89,TD-200M2201006K
FR6112,5.0,218.7,NQ-350E3501020A
FR6112,5.0,218.7,NQ-350E3501020K
FR6112,5.0,218.7,NQC350E3501020A
FR6112,5.0,218.7,NQC350E3501020K
FR6112,5.0,218.7,NQC350E3501020U
FR6112,5.0,218.7,TQ-350S3501020E
FR6112,5.0,218.7,TQC350E3501020E
FR6116,3.0,238.26,TD-300M2001010A
FR6116,3.0,238.26,TD-300M2001010K
FR6116,5.0,243.0,TD-300M2001010A
FR6116,5.0,243.0,TD-300M2001010K
FR6122,3.0,274.75,TQ-300E4001020A
FR6122,3.0,274.75,TQ-300E4001020K
FR6122,5.0,213.4,TQ-300E4001020A
FR6122,5.0,213.4,TQ-300E4001020K
FR6125,3.0,206.65,TQ-400E5001026C
FR6125,3.0,206.65,TQ-400E5001026N
FR6125,5.0,210.09,TQ-400E5001026C
FR6125,5.0,210.09,TQ-400E5001026N
FR6131,3.0,156.94,NQ-A00EA001072U
FR6131,3.0,156.94,TQ-A00EA001072U
FR6131,3.0,156.94,TQ-A00MA001072A
FR6131,3.0,156.94,TQ-A00MA001072U
FR6131,3.0,156.94,TQCA00EA001072U
FR6131,3.0,156.94,TQCA00MA001072U
FR6131,5.0,146.2,NQ-A00EA001072U
FR6131,5.0,146.2,TQ-A00EA001072U
FR6131,5.0,146.2,TQ-A00MA001072A
FR6131,5.0,146.2,TQ-A00MA001072U
FR6131,5.0,146.2,TQCA00EA001072U
FR6131,5.0,146.2,TQCA00MA001072U
FR6133,3.0,190.96,TQ-700E7001048K
FR6133,3.0,190.96,TQ-700M7001048A
FR6133,3.0,190.96,TQ-700M7001048K
FR6133,3.0,190.96,TQC700E7001048K
FR6133,3.0,190.96,TQC700M7001048A
FR6133,3.0,190.96,TQC700M7001048K
FR6133,5.0,157.68,TQ-700E7001048K
FR6133,5.0,157.68,TQ-700M7001048A
FR6133,5.0,157.68,TQ-700M7001048K
FR6133,5.0,157.68,TQC700E7001048K
FR6133,5.0,157.68,TQC700M7001048A
FR6133,5.0,157.68,TQC700M7001048K
FR6134,5.0,274.81,TQ-400E400B026C
FR6134,5.0,274.81,TQ-400E400B026N
FR6140,5.0,252.06,NDC300E3001010A
FR6140,5.0,252.06,NDC300E3001010U
FR6140,5.0,252.06,TDC300E3001010E
FR6140,5.0,252.06,TDC300E300B010E
FR6143,2.0,422.0,TQ-300E3001016C
FR6143,2.0,422.0,TQ-300E3001016N
FR6143,5.0,235.61,TQ-300E3001016C
FR6143,5.0,235.61,TQ-300E3001016N
FR6146,3.0,393.9,TQ-200E2001012N
FR6146,5.0,479.33,TQ-200E2001012N
FR6159,3.0,154.87,NQ-A00EA001068A
FR6159,3.0,154.87,NQ-A00EA001068K
FR6159,3.0,154.87,NQCA00EA001068K
FR6164,3.0,158.82,NQ-900E9001064A
FR6164,3.0,158.82,NQ-900E9001064U
FR6164,3.0,158.82,TQ-900E9001064U
FR6164,3.0,158.82,TQ-900M9001064U
FR6164,3.0,158.82,TQC900E9001064U
FR6164,3.0,158.82,TQC900M9001064U
FR6164,5.0,146.93,NQ-900E9001064A
FR6164,5.0,146.93,NQ-900E9001064U
FR6164,5.0,146.93,TQ-900E9001064U
FR6164,5.0,146.93,TQ-900M9001064U
FR6164,5.0,146.93,TQC900E9001064U
FR6164,5.0,146.93,TQC900M9001064U
FR6168,5.0,248.27,TQ-500E5001032C
FR6168,5.0,248.27,TQ-500E5001032N
FR6170,5.0,198.79,TQ-425E4251022C
FR6170,5.0,198.79,TQ-425E4251022W
FR6172,3.0,323.19,NQ-200E2201009N
FR6172,5.0,291.25,NQ-200E2201009N
FR6195,3.0,331.58,TQ-500E5001032K
FR6195,3.0,331.58,TQC500E5001032K
FR6195,5.0,269.38,TQ-500E5001032K
FR6195,5.0,269.38,TQC500E5001032K
FR6199,3.0,266.65,TQC500E6001016U
FR6199,5.0,163.36,TQC500E6001016U
FR7003,3.0,829.25,TD-200D2001006A
FR7003,3.0,829.25,TD-200D200C006A
FR7003,3.0,829.25,TD-200D200C006K
FR7003,3.0,829.25,TD-200D200X006A
FR7003,3.0,829.25,TD-200D200X006K
FR7003,3.0,829.25,TD-200E200C006K
FR7003,3.0,829.25,TD-200E200X006A
FR7003,3.0,829.25,TD-200E200X006K
FR7003,5.0,308.16,TD-200D2001006A
FR7003,5.0,308.16,TD-200D200C006A
FR7003,5.0,308.16,TD-200D200C006K
FR7003,5.0,308.16,TD-200D200X006A
FR7003,5.0,308.16,TD-200D200X006K
FR7003,5.0,308.16,TD-200E200C006K
FR7003,5.0,308.16,TD-200E200X006A
FR7003,5.0,308.16,TD-200E200X006K
FR8004,5.0,158.55,NQ-900E900B064U
FR8004,5.0,158.55,NQ-900E900B064Z
FR8004,5.0,158.55,TQ-900E900B064Z
FR8004,5.0,158.55,TQC900E900B064Z
FR8011,5.0,157.58,NQCA00EA00A088U
FR8011,5.0,157.58,NQCA00EA00A088Z
FR8021,3.0,185.54,NQC900E900B064B
FR8021,3.0,185.54,NQC900E900B064Y
FR8021,3.0,185.54,NQC900S900B064B
FR8021,3.0,185.54,NQC900S900B064Y
FR8021,3.0,185.54,TQC900E900B064B
FR8022,5.0,156.7,NQ-900E900B064U
FR8022,5.0,156.7,NQ-900E900B064Z
FR8025,5.0,138.41,NQC700E700B048U
FR8025,5.0,138.41,NQC700E700B048Z
FR8025,5.0,138.41,TQ-700E700B048U
FR8025,5.0,138.41,TQC700E700B048U
FR8026,5.0,174.54,NQ-900E900B064Z
FR8026,5.0,174.54,NQC900E900B064U
FR8026,5.0,174.54,NQC900E900B064Z
FR8035,5.0,145.76,NQCA00EA001072U
FR8035,5.0,145.76,NQCA00EA00B072U
FR8035,5.0,145.76,TQCA00MA001072U
FR8038,1.0,235.02,NQC900E900A080B
FR8042,3.0,297.65,MQ-A00MA00B072B
FR8042,3.0,297.65,MQCA00MA00B072B
FR8045,3.0,201.12,NQ-A00EA00B072B
FR8045,3.0,201.12,NQCA00EA00B072B
FR8047,3.0,150.41,NQ-A00EA00B072B
FR8047,3.0,150.41,NQCA00EA00B072B
FR8047,3.0,150.41,TQ-A00EA00B072B
FR8048,5.0,153.13,NQ-600E600B030U
FR8048,5.0,153.13,NQC600E600B030U
FR8050,3.0,143.0,NQ-C00EC00B088U
FR8054,5.0,137.64,MQC800E800B056A
FR8054,5.0,137.64,MQC800E800B056U
FR8054,5.0,137.64,NQ-800E800B056U
FRA001,5.0,195.17,NQC400E400A032K
FRA022,5.0,166.1,NQC600E600A048K
FRA025,3.0,464.58,NQC500E500X032U
FRA028,5.0,324.42,TD-200E200B006A
FRA028,5.0,324.42,TD-200E200B006K
FRA028,5.0,324.42,TDC200E200B006K
FRA030,5.0,233.8,TQ-500E500B032A
FRA030,5.0,233.8,TQ-500E500B032K
FRA030,5.0,233.8,TQ-500E500B032U
FRA030,5.0,233.8,TQ-500M500B032A
FRA030,5.0,233.8,TQ-500M500B032K
FRA030,5.0,233.8,TQC500E500B032K
FRA038,5.0,214.86,TD-500M300B016K
FRA039,5.0,285.88,TD-600D300B022K
FRA039,5.0,285.88,TD-600M300B022K
FRA039,5.0,285.88,TDC600D300B022K
FRA039,5.0,285.88,TDC600M300B022K
FRA040,5.0,160.73,TD-700E400B024K
FRA057,5.0,296.04,TD-300E300B008A
FRA057,5.0,296.04,TD-300E300B008K
FRA057,5.0,296.04,TDC300E300B008K
FRA058,5.0,173.33,TQ-600E600B040K
FRA058,5.0,173.33,TQ-600M600B040K
FRA059,3.0,286.43,NQ-400E4001022K
FRA059,3.0,286.43,NQC400E4001022K
FRA059,5.0,197.44,NQ-400E4001022K
FRA059,5.0,197.44,NQC400E4001022K
FRA065,5.0,185.94,TDC330E330C008U
FRA066,3.0,235.53,NQ-400E5001022C
FRA066,3.0,235.53,NQ-400E5001022N
FRA066,3.0,235.53,NQ-400E500B022C
FRA066,3.0,235.53,NQ-400E500B022N
FRA066,5.0,198.31,NQ-400E5001022C
FRA066,5.0,198.31,NQ-400E5001022N
FRA066,5.0,198.31,NQ-400E500B022C
FRA066,5.0,198.31,NQ-400E500B022N
FRA067,5.0,169.7,TQ-500E900A058K
FRA068,5.0,234.88,TD-500D300B016K
FRA068,5.0,234.88,TD-500E300B016K
FRA068,5.0,234.88,TD-500M300B016K
FRA068,5.0,234.88,TDC500E300B016K
FRA076,3.0,301.88,TQ-700M7001048K
FRA076,3.0,301.88,TQC700M7001048K
FRA077,5.0,206.14,TQ-500E700B038K
FRA092,5.0,159.59,NQCA00EA001072U
FRA092,5.0,159.59,NQCA00EA00B072U
FRA109,5.0,189.13,TQ-350E3751017W
FRA109,5.0,189.13,TQ-350E375Z017W
FRA111,5.0,253.67,NDG300E220Z004K
FRA123,3.0,296.59,TD-300E2001010K
FRA123,5.0,306.78,TD-300E2001010K
FRA131,5.0,136.45,TQCA00MA001088U
FRA132,3.0,239.37,TQCA00MA001072U
FRA132,5.0,173.16,TQCA00MA001072U
FRA149,5.0,300.83,TQ-200E200M010N
FRA150,3.0,276.73,MQD350E4501016N
FRA150,3.0,276.73,NQ-350E4501016N
FRA150,5.0,200.36,MQD350E4501016N
FRA150,5.0,200.36,NQ-350E4501016N
FRA159,3.0,280.8,NQ-400E3501014N
FRA159,5.0,223.68,NQ-400E3501014N
FRA162,2.0,546.57,NQ-200E2001009C
FRA162,2.0,546.57,NQ-200E2001009N
FRA162,3.0,454.68,NQ-200E2001009C
FRA162,3.0,454.68,NQ-200E2001009N
FRA162,5.0,328.43,NQ-200E2001009C
FRA162,5.0,328.43,NQ-200E2001009N
FRA163,5.0,193.76,NQ-550E5001032N
FRA164,3.0,383.16,NQ-300E2001009N
FRA164,5.0,295.57,NQ-300E2001009N
FRV001,5.0,156.38,TQ-500E600U039W
FRV001,5.0,156.38,TQC500M600U039U
FRV001,5.0,156.38,TQC500M600U039W
FRV003,5.0,153.15,TQC500E600M039U
FRV003,5.0,153.15,TQC500M600U039U
FU0003,3.0,387.82,UQ-140E180A010D
FU0003,3.0,387.82,UQ-140E180A010P
FU0017,3.0,384.6,UD-200E200C006D
FU0017,3.0,384.6,UD-200E200C006P
FU0029,3.0,184.16,UQ-500E500B032D
FU0029,3.0,184.16,UQ-500E500B032P
FU0032,3.0,557.33,UD-100E130B004D
FU0032,3.0,557.33,UD-100E130B004P
FU0054,5.0,186.84,UQ-500E500A040A
FU0054,5.0,186.84,UQ-500E500A040K
FU0074,3.0,439.08,UD-160E160B006P
FU0074,3.0,439.08,UDC160E160B006P
FU0126,3.0,156.88,UQ-300E300B016P
FU0126,3.0,156.88,UQC300E300B016D
FU0126,3.0,156.88,UQC300E300B016P
FU0131,3.0,767.17,UD-300E300B012A
FU0131,3.0,767.17,UD-300E300X012A
FU0151,5.0,210.68,UQ-400E400A032A
FU0151,5.0,210.68,UQC400E400A032A
FU0151,5.0,210.68,UQC400E400A032K
FU0152,5.0,244.71,UQ-600E600C028A
FU0152,5.0,244.71,UQC600E600C028A
FU0153,3.0,379.24,UQC250E250A016P
FU0174,0.0,751.66,UD-200E300B008A
FU0174,0.0,751.66,UD-200E300X008A
FU0174,0.0,751.66,UD-200E300X008K
FU0174,0.0,751.66,UDC200E300X008K
FU0174,3.0,763.74,UD-200E300B008A
FU0174,3.0,763.74,UD-200E300X008A
FU0174,3.0,763.74,UD-200E300X008K
FU0174,3.0,763.74,UDC200E300X008K
FU0185,5.0,306.44,XD-110E140B004A
FU0185,5.0,306.44,XD-110E140B004K
FU0186,3.0,273.46,UD-260E260B008D
FU0186,3.0,273.46,UD-260E260B008P
FU0207,3.0,198.31,UQ-400E400B024P
FU0207,3.0,198.31,UQC400E400B024P
FU0214,5.0,227.7,UQ-400E400A028A
FU0214,5.0,227.7,UQ-400E400A028K
FU0214,5.0,227.7,UQC400E400A028A
FU0219,3.0,255.31,UD-200E200C006P
FU0227,3.0,208.09,XQ-405E450A038P
FU0227,3.0,208.09,XQC405E450A038P
FU0242,3.0,201.76,IQC500E500A040P
FU0242,3.0,201.76,UQC500E500A040D
FU0242,3.0,201.76,UQC500E500A040J
FU0242,3.0,201.76,UQC500E500A040P
FU0245,3.0,283.88,XD-200E250B008D
FU0245,3.0,283.88,XD-200E250B008P
FU0248,5.0,389.17,XD-150E150B006C
FU0248,5.0,389.17,XD-150E150B006N
FU0256,5.0,529.82,XD-150E110B006C
FU0256,5.0,529.82,XD-150E110B006N
FU0256,5.0,529.82,XD-150E120B006C
FU0264,3.0,506.45,IQ-250S300Z012D
FU0264,3.0,506.45,IQ-250S300Z012P
FU0267,5.0,477.82,XD-150E120B006C
FU0267,5.0,477.82,XD-150E120B006N
FU0302,3.0,459.6,XQ-160E160A012N
FU0308,3.0,253.25,UD-200E200A010D
FU0308,3.0,253.25,XD-200E200A010D
FU0317,3.0,1115.4,XD-110E110C004D
FUF012,3.0,346.03,UQ-160K210B010P
FW0007,3.0,141.74,SQ-900E900Z088P
FW0007,3.0,141.74,SQC900E900Z088P
FW0009,3.0,131.88,SQ-900E900Z100D
FW0009,3.0,131.88,SQ-900E900Z100P
nan_sp,1.0,101.13,
nan_sp,1.2,547.67,
nan_sp,2.0,324.08,
nan_sp,5.0,127.54,
